Date,Boeing,MacDonalds,Nike,Walmart
8/31/2015,115.58519,83.337814,52.252331,57.173737
9/1/2015,112.719452,81.978401,50.793461,56.369965
9/2/2015,115.540962,84.232422,51.761364,56.917591
9/3/2015,115.885918,84.2061,52.095028,57.288559
9/4/2015,114.771439,83.188736,51.549881,56.431797
9/8/2015,118.362495,84.881454,52.517994,58.63113
9/9/2015,117.327629,83.697433,51.629772,57.518211
9/10/2015,118.12368,83.539566,51.874157,56.634949
9/11/2015,119.114311,85.434006,52.550892,57.103077
9/14/2015,118.902023,85.048088,52.583782,56.77626
9/15/2015,120.55603,86.118095,53.500214,56.811604
9/16/2015,121.352074,86.556641,54.317944,57.138412
9/17/2015,121.573189,85.811142,54.172249,56.94408
9/18/2015,120.37027,85.118256,54.068867,55.946003
9/21/2015,120.30838,85.863747,54.778503,56.281639
9/22/2015,118.512856,85.249809,54.501228,56.166817
9/23/2015,116.460838,85.407684,54.24744,56.281639
9/24/2015,114.762611,85.328751,53.946667,56.378803
9/25/2015,115.877075,85.591858,58.744957,56.334641
9/28/2015,113.329735,84.16227,57.400887,56.228653
9/29/2015,113.878128,85.495407,56.240067,56.334641
9/30/2015,115.823997,86.416306,57.790943,57.270893
10/1/2015,115.523277,86.635551,58.195103,56.767429
10/2/2015,117.248016,87.521378,58.843647,57.394569
10/5/2015,118.539383,88.731735,58.40189,58.180656
10/6/2015,119.078926,89.371971,57.894341,58.01284
10/7/2015,121.192863,89.257965,57.382072,58.613461
10/8/2015,122.979507,90.292885,58.702667,59.072762
10/9/2015,123.563301,90.126236,58.716763,58.904938
10/12/2015,124.430122,90.547241,59.416992,59.116909
10/13/2015,124.085121,90.670013,59.125629,58.940277
10/14/2015,118.716293,90.178871,59.139725,53.022385
10/15/2015,121.520111,90.915611,60.526096,52.404106
10/16/2015,121.705887,91.932991,61.315643,52.015472
10/19/2015,122.431129,91.643562,62.603329,51.980141
10/20/2015,122.838028,91.073456,62.208561,51.891815
10/21/2015,124.88118,89.933289,62.255558,51.794651
10/22/2015,129.409775,97.239159,62.22736,52.024296
10/23/2015,129.75473,98.747696,61.34383,51.494343
10/26/2015,129.75473,98.388115,61.743313,51.247032
10/27/2015,131.311432,97.91449,61.480137,50.770065
10/28/2015,130.798431,99.054665,61.701008,50.911388
10/29/2015,130.179276,98.774017,61.621113,51.194035
10/30/2015,130.966507,98.449516,61.578804,50.558086
11/2/2015,131.258377,98.326721,61.654011,50.884892
11/3/2015,130.984161,98.300415,61.752701,51.326511
11/4/2015,131.883011,98.58107,61.263943,51.556171
11/5/2015,131.687271,98.975739,61.968872,51.768154
11/6/2015,131.660553,99.379181,61.931297,51.918301
11/9/2015,129.916214,99.045921,61.320339,51.662163
11/10/2015,129.177551,99.300255,61.094765,51.829979
11/11/2015,129.035141,99.852783,59.882263,50.858406
11/12/2015,126.854782,98.326721,59.205517,50.301933
11/13/2015,126.899254,96.449806,57.269287,49.833813
11/16/2015,128.527878,97.405807,58.021221,51.114536
11/17/2015,130.005234,97.30056,57.607655,52.925228
11/18/2015,131.96312,98.695068,59.111519,53.817326
11/19/2015,132.81752,99.370415,59.111519,53.614182
11/20/2015,132.959869,99.905426,62.34016,53.057728
11/23/2015,132.016525,100.396576,62.250862,53.225536
11/24/2015,132.292389,100.229919,62.274353,52.925228
11/25/2015,131.20665,100.335175,63.035706,53.207878
11/27/2015,130.77948,100.971626,63.129681,52.898735
11/30/2015,129.44455,100.909744,62.166267,51.971306
12/1/2015,131.482529,101.166077,62.650314,52.103806
12/2/2015,130.788361,100.520805,62.34016,51.970196
12/3/2015,129.542404,100.229103,60.681194,52.584759
12/4/2015,132.158875,102.712952,62.18977,53.136963
12/7/2015,132.114395,102.907425,62.147274,53.885124
12/8/2015,129.035141,103.004662,62.194492,53.092434
12/9/2015,128.367691,103.048843,60.843868,52.664917
12/10/2015,130.298904,103.596893,60.749413,53.047905
12/11/2015,128.705887,102.606888,59.639656,52.86977
12/14/2015,127.264145,102.765999,60.381062,53.787151
12/15/2015,130.405716,103.358223,60.73526,53.119152
12/16/2015,131.811798,104.162598,61.830875,53.706985
12/17/2015,129.542404,103.862076,61.495567,52.531319
12/18/2015,124.22049,103.11956,60.692749,52.415527
12/21/2015,125.395226,104.030006,61.297226,53.038994
12/22/2015,126.712364,104.056549,62.265339,53.92075
12/23/2015,128.207458,105.011192,60.782475,54.410614
12/24/2015,127.735809,104.807861,59.672714,54.17905
12/28/2015,128.634689,104.966972,60.267738,54.107788
12/29/2015,131.135498,106.133774,60.692749,54.87376
12/30/2015,130.298904,105.568054,59.738819,54.936111
12/31/2015,128.679169,104.427765,59.030453,54.597652
1/4/2016,125.03923,103.932777,58.104855,54.740158
1/5/2016,125.546516,105.364754,58.917118,56.040516
1/6/2016,123.553009,104.657623,58.076542,56.601646
1/7/2016,118.373428,102.235649,56.527557,57.919823
1/8/2016,115.685776,102.07653,55.601963,56.592731
1/11/2016,115.881584,103.14608,56.244217,57.198399
1/12/2016,117.403381,103.809021,56.612572,56.66399
1/13/2016,114.02153,101.758301,55.51696,55.149864
1/14/2016,114.982697,103.084213,55.261951,56.165222
1/15/2016,111.80555,101.811348,54.364697,55.158775
1/19/2016,112.188217,103.862076,55.0825,55.719894
1/20/2016,108.699608,102.341705,55.762524,54.18795
1/21/2016,109.820953,104.162598,57.198154,55.114239
1/22/2016,110.897789,104.657623,57.500381,55.835674
1/25/2016,110.363815,105.364754,57.330379,56.512581
1/26/2016,113.923645,106.451996,57.717621,57.002445
1/27/2016,103.751411,106.840919,56.272552,56.957912
1/28/2016,105.024078,108.175652,57.80262,57.198399
1/29/2016,106.910767,109.413162,58.567654,59.104412
2/1/2016,108.183426,110.14682,59.65382,60.119766
2/2/2016,104.587975,109.563431,59.077682,59.549747
2/3/2016,108.459305,107.371269,59.021011,59.024246
2/4/2016,110.007843,106.655296,56.8298,59.157845
2/5/2016,109.07338,102.005821,53.996338,59.674442
2/8/2016,106.323395,102.580368,51.984585,59.585365
2/9/2016,105.79834,103.42894,52.589046,58.614544
2/10/2016,104.513908,103.89743,54.223019,58.596725
2/11/2016,97.400223,103.181458,52.891293,58.178116
2/12/2016,97.570869,104.242165,53.287968,58.944099
2/16/2016,101.136703,105.347076,54.581924,58.694698
2/17/2016,104.495949,104.869759,54.940823,58.881748
2/18/2016,105.600723,103.570366,55.346958,57.109329
2/19/2016,103.436096,103.004662,56.017532,57.590282
2/22/2016,105.439049,104.012329,56.8298,58.454227
2/23/2016,104.998924,103.331696,56.867584,59.211285
2/24/2016,103.822304,103.473137,57.047028,59.781311
2/25/2016,104.927071,104.631088,58.917118,60.600727
2/26/2016,106.130669,104.257019,59.124897,59.237991
2/29/2016,106.148621,104.372803,58.170971,59.086597
3/1/2016,107.747421,105.851234,59.427128,59.193474
3/2/2016,107.468994,105.521729,58.765995,58.970814
3/3/2016,107.433044,103.92749,58.207302,58.908463
3/4/2016,108.7444,104.363899,58.008453,59.4785
3/7/2016,110.388115,104.337173,56.105145,60.467125
3/8/2016,109.894096,105.468292,56.635429,60.600727
3/9/2016,110.352173,106.554832,55.233978,60.591743
3/10/2016,110.424026,106.857658,55.754784,60.484085
3/11/2016,111.941978,108.255936,56.891094,60.268749
3/14/2016,113.47789,109.45829,57.582355,60.43922
3/15/2016,113.495865,109.930313,58.141033,61.094208
3/16/2016,114.582687,110.010483,58.576611,61.004486
3/17/2016,117.39402,109.689865,59.826565,60.519966
3/18/2016,120.322144,110.509239,59.646637,60.071331
3/21/2016,122.028702,110.268768,61.284821,60.986553
3/22/2016,121.364052,110.277672,61.455257,60.896812
3/23/2016,119.334129,110.607201,59.125832,60.528942
3/24/2016,118.669449,109.805649,58.377766,61.013447
3/28/2016,117.923943,109.698753,58.084217,61.121132
3/29/2016,117.555702,110.41127,58.226265,61.04039
3/30/2016,115.489861,112.067856,58.747063,61.731274
3/31/2016,114.0168,111.93425,58.207302,61.453125
4/1/2016,114.034775,113.127693,58.320946,61.96455
4/4/2016,113.47789,113.617516,56.786922,62.00045
4/5/2016,114.097656,113.448311,56.502857,61.587692
4/6/2016,114.906029,113.572983,57.108887,61.946613
4/7/2016,114.070717,114.125183,57.099415,61.210869
4/8/2016,114.861107,113.96489,56.266125,61.067295
4/11/2016,114.888062,113.608627,54.845745,60.475109
4/12/2016,116.289253,113.653152,55.442299,61.731274
4/13/2016,117.789207,113.011902,56.417637,62.045307
4/14/2016,117.52874,113.564079,56.332409,61.731274
4/15/2016,117.780228,113.804573,56.341873,61.96455
4/18/2016,118.53476,114.75753,56.408165,62.682369
4/19/2016,119.172432,114.766449,56.398693,62.601601
4/20/2016,117.277267,114.490349,56.455509,62.099129
4/21/2016,117.429947,112.032211,56.891094,61.435158
4/22/2016,117.708389,111.773933,56.275593,61.659477
4/25/2016,117.438934,113.519562,56.067261,62.332424
4/26/2016,119.675423,113.74221,56.379753,62.179901
4/27/2016,123.124504,114.267708,56.124084,62.287552
4/28/2016,121.076614,113.929253,55.432838,61.829967
4/29/2016,121.076614,112.655655,55.811592,59.999561
5/2/2016,120.36702,114.178619,56.427101,60.645576
5/3/2016,119.001793,114.356743,56.360821,60.116211
5/4/2016,117.56469,115.185036,55.97258,60.286686
5/5/2016,118.633553,115.140511,55.101414,60.304623
5/6/2016,119.69339,116.298332,55.328682,61.237774
5/9/2016,118.65152,116.520996,55.603283,61.865845
5/10/2016,121.004784,117.206772,56.057804,61.722298
5/11/2016,120.434288,115.015816,53.984043,60.023109
5/12/2016,121.720139,115.888618,54.912029,60.42078
5/13/2016,119.637421,114.739716,54.268108,58.694473
5/16/2016,121.466591,115.461143,54.10714,59.670601
5/17/2016,120.035851,113.724411,54.069271,58.839088
5/18/2016,118.614197,112.406273,53.141277,57.076626
5/19/2016,115.979118,111.586891,54.012459,62.544765
5/20/2016,115.354317,109.155479,53.482174,63.141312
5/23/2016,115.526375,109.378128,53.018177,62.815918
5/24/2016,115.453911,110.393456,53.586327,63.484737
5/25/2016,116.685417,109.778923,53.018177,63.701664
5/26/2016,117.092911,110.250954,52.876144,64.036087
5/27/2016,117.011414,109.770012,53.207558,63.945694
5/31/2016,114.231476,108.710167,52.289051,63.972813
6/1/2016,114.466904,108.63002,52.014446,63.719753
6/2/2016,114.865326,108.710762,51.786514,64.126457
6/3/2016,115.345253,108.872253,50.760857,64.054184
6/6/2016,119.438217,109.455414,51.568092,64.216866
6/7/2016,119.46537,109.365685,50.855827,64.198761
6/8/2016,120.434288,109.554085,51.397152,64.424736
6/9/2016,120.524849,110.164185,52.175892,64.253006
6/10/2016,118.749992,109.778397,52.337337,64.298187
6/13/2016,117.645294,110.343613,52.1474,63.746872
6/14/2016,118.170494,109.912987,51.397152,64.126457
6/15/2016,117.862602,109.679695,51.577587,64.280121
6/16/2016,117.147232,109.877075,50.779854,64.442825
6/17/2016,117.554749,109.697639,51.007778,64.126457
6/20/2016,120.207901,110.729401,51.625076,64.262047
6/21/2016,119.094109,110.020622,52.014442,64.587402
6/22/2016,119.320511,108.217285,51.824501,64.849533
6/23/2016,120.932335,108.746635,51.397152,65.165878
6/24/2016,114.566505,107.158646,49.944122,65.039352
6/27/2016,111.107422,104.341507,49.279343,64.623566
6/28/2016,112.184982,106.315292,50.418968,64.632607
6/29/2016,114.992111,107.203506,52.356335,65.491241
6/30/2016,117.600014,107.966103,52.422813,65.997383
7/1/2016,117.437012,108.019928,52.812187,65.807594
7/5/2016,114.973999,108.342918,52.422813,66.105865
7/6/2016,114.964935,108.226265,52.992626,66.720444
7/7/2016,115.155098,108.486465,53.106579,66.458336
7/8/2016,117.799225,108.836357,53.866344,66.738525
7/11/2016,119.564995,109.455414,53.970795,66.937355
7/12/2016,118.451187,109.679695,55.138924,66.223351
7/13/2016,117.817329,110.191093,55.072445,66.539703
7/14/2016,119.121284,111.186951,55.547287,66.611992
7/15/2016,119.881912,110.899864,54.958477,66.584885
7/18/2016,120.823662,111.070328,54.835014,66.738525
7/19/2016,121.937447,113.492699,54.854008,66.575859
7/20/2016,121.991806,113.097939,54.854008,66.693344
7/21/2016,120.914215,114.102776,54.122749,66.44931
7/22/2016,120.859871,115.071739,53.875832,66.476433
7/25/2016,120.379951,114.300163,54.265205,66.657181
7/26/2016,122.109505,109.195236,53.533951,66.63913
7/27/2016,123.114632,107.194534,52.983124,66.268539
7/28/2016,120.443314,107.140686,52.66024,66.196228
7/29/2016,121.031937,105.552689,52.707714,65.952194
8/1/2016,120.624443,105.875702,52.622253,66.684296
8/2/2016,119.166565,105.597549,52.156891,66.096825
8/3/2016,119.411064,105.436058,51.995445,65.925079
8/4/2016,118.813408,106.135849,52.033428,66.25045
8/5/2016,119.284264,106.952293,53.040108,66.666229
8/8/2016,119.700829,106.126892,53.163563,66.286613
8/9/2016,120.090187,106.144821,52.964138,66.467384
8/10/2016,120.774956,106.584442,52.356335,67.295486
8/11/2016,121.432304,107.104805,53.875832,67.159004
8/12/2016,121.523628,107.230415,53.609924,67.240883
8/15/2016,122.94796,106.333244,53.913818,66.722183
8/16/2016,123.258377,105.812874,54.018288,66.330879
8/17/2016,123.002754,105.059258,53.999302,66.367264
8/18/2016,123.258377,105.086159,54.331684,67.613983
8/19/2016,122.74707,103.184158,55.936665,66.25808
8/22/2016,123.249245,103.551994,55.708733,66.157982
8/23/2016,122.473175,103.34565,56.620434,65.493668
8/24/2016,121.697105,103.058556,57.190243,65.730293
8/25/2016,121.414063,103.560966,56.259556,64.81115
8/26/2016,120.729301,102.672768,56.031628,64.738342
8/29/2016,121.341034,103.543007,55.680248,64.974976
8/30/2016,119.432808,104.302513,55.081936,64.893051
8/31/2016,118.191093,104.573761,54.740047,65.01136
9/1/2016,118.601959,104.338684,55.749527,66.285385
9/2/2016,119.75238,104.727455,55.405746,65.97599
9/6/2016,121.423187,106.01136,54.823227,66.430977
9/7/2016,121.103653,105.712975,55.119255,65.575562
9/8/2016,121.341034,105.034851,53.639099,65.366272
9/9/2016,117.351112,103.597267,52.836952,63.973953
9/12/2016,118.802826,104.83593,53.486305,65.466377
9/13/2016,117.561111,103.73291,52.875149,65.029541
9/14/2016,116.565903,104.139755,52.645954,65.084167
9/15/2016,116.657204,105.007736,52.970642,65.884979
9/16/2016,115.680275,104.230171,52.693707,66.312668
9/19/2016,116.392441,104.166885,52.474075,65.602867
9/20/2016,116.675476,105.288025,52.397671,65.493668
9/21/2016,119.204552,105.722015,52.846493,65.693886
9/22/2016,120.40062,106.110802,52.913349,65.766663
9/23/2016,120.318436,105.939011,52.665062,65.839462
9/26/2016,119.213669,105.360367,51.948853,65.175163
9/27/2016,119.898453,105.676819,52.846493,65.821266
9/28/2016,120.729301,104.139755,50.850666,65.329865
9/29/2016,119.633667,103.78714,49.809776,64.36525
9/30/2016,120.281921,104.302513,50.277702,65.63018
10/3/2016,120.866249,103.65152,50.296803,65.530083
10/4/2016,120.747566,102.620789,49.790676,65.293465
10/5/2016,122.94796,102.539413,49.771587,65.220657
10/6/2016,122.728813,103.000526,49.685631,63.11853
10/7/2016,122.208389,102.575577,49.456455,62.517918
10/10/2016,124.025322,103.714806,49.456455,61.86272
10/11/2016,122.107979,102.783539,49.485092,61.325787
10/12/2016,121.578415,103.714806,50.077168,61.389511
10/13/2016,121.779297,104.34771,49.685631,62.090221
10/14/2016,121.88887,103.154251,49.294109,62.290413
10/17/2016,122.345383,101.635277,48.730701,62.081123
10/18/2016,123.349724,100.586456,48.91214,62.672634
10/19/2016,124.335754,100.595505,49.466007,62.690815
10/20/2016,124.025322,99.971657,49.551945,62.545219
10/21/2016,123.833603,103.009575,49.437351,62.190304
10/24/2016,125.4953,102.684082,49.532848,62.963833
10/25/2016,126.928772,101.915558,48.749802,63.11853
10/26/2016,132.881668,101.364029,49.628334,63.327835
10/27/2016,130.845612,101.336914,49.551945,63.546234
10/28/2016,130.571716,101.354988,49.676086,63.691833
10/31/2016,130.04216,101.779922,47.918999,63.719135
11/1/2016,130.023911,101.490601,47.384228,63.063934
11/2/2016,128.508286,101.617195,47.479721,63.200439
11/3/2016,127.841759,101.011414,47.489269,63.36422
11/4/2016,127.403542,100.396584,47.708904,62.936531
11/7/2016,130.589966,102.005966,48.616108,63.500732
11/8/2016,130.829178,103.172318,48.778446,63.509846
11/9/2016,134.51918,103.958916,48.816635,64.701958
11/10/2016,136.929779,103.533989,48.119534,64.965866
11/11/2016,137.69931,103.271767,48.482418,64.820259
11/14/2016,139.06221,106.562897,47.947643,64.146835
11/15/2016,137.319183,106.978775,47.871246,64.993164
11/16/2016,135.770874,107.783478,48.396465,64.965866
11/17/2016,134.74173,108.000443,49.265472,62.963833
11/18/2016,135.687424,108.497757,48.797546,62.372334
11/21/2016,136.308609,108.04567,48.969437,63.12764
11/22/2016,138.626465,108.217476,49.380058,63.810154
11/23/2016,138.830444,108.624344,49.02673,64.456261
11/25/2016,139.108566,109.09449,49.19862,64.820259
11/28/2016,138.858246,110.143295,48.711601,64.783852
11/29/2016,140.591995,109.961082,48.348724,64.947662
11/30/2016,139.590714,108.676308,47.813953,64.092247
12/1/2016,141.287384,107.947365,48.542332,64.310654
12/2/2016,141.157562,107.737793,48.360229,64.501762
12/5/2016,141.074112,108.694534,49.692394,63.646355
12/6/2016,141.148285,108.658089,48.465656,64.028542
12/7/2016,142.909851,109.26857,49.931992,64.706772
12/8/2016,144.068787,109.751503,49.404869,64.468483
12/9/2016,145.088654,110.489563,49.567802,64.230186
12/12/2016,145.709824,110.926926,49.395298,65.687447
12/13/2016,145.246277,111.783417,50.123665,65.80658
12/14/2016,143.215775,111.929207,49.634888,65.385002
12/15/2016,142.566833,111.491844,49.155697,65.146706
12/16/2016,143.243652,112.293686,48.801094,65.055061
12/19/2016,144.801239,112.065887,48.734005,65.604973
12/20/2016,144.995926,112.375694,49.634888,65.824936
12/21/2016,146.006485,112.239006,50.123665,65.29335
12/22/2016,145.987976,112.731056,49.970325,63.781082
12/23/2016,146.312485,112.20256,49.749901,63.735249
12/27/2016,146.006485,112.138786,49.155697,63.881912
12/28/2016,144.727097,111.783417,48.896931,63.524456
12/29/2016,144.346939,111.883659,48.935268,63.47863
12/30/2016,144.337631,110.908691,48.714836,63.350315
1/3/2017,145.533676,108.995216,49.816982,62.928711
1/4/2017,147.063477,108.867645,50.861626,63.295322
1/5/2017,147.146927,109.068123,50.852039,63.432796
1/6/2017,147.508514,110.033981,51.666664,62.562096
1/9/2017,146.785309,109.733284,51.158726,62.974529
1/10/2017,147.480667,109.569244,50.899967,62.534611
1/11/2017,147.786606,110.143295,50.49744,62.809555
1/12/2017,146.757492,111.254936,50.219505,62.296322
1/13/2017,147.258148,110.708229,50.717861,61.526436
1/17/2017,146.182678,111.847206,51.4175,62.708752
1/18/2017,146.785309,111.810753,51.053307,62.424622
1/19/2017,147.415741,111.32785,50.727451,61.975529
1/20/2017,147.907181,111.400742,50.986214,61.572247
1/23/2017,146.340286,110.598892,51.024551,61.086491
1/24/2017,148.852844,110.29821,51.225819,61.773891
1/25/2017,155.166687,110.972481,51.618752,61.306465
1/26/2017,156.798447,111.054489,51.4175,61.159828
1/27/2017,155.481918,111.947426,50.976624,60.179142
1/30/2017,153.507095,112.093216,50.871208,60.875694
1/31/2017,151.513748,111.683182,50.6987,61.168968
2/1/2017,152.023697,111.546509,50.813709,60.701557
2/2/2017,150.438248,112.275459,50.602871,61.132313
2/3/2017,150.5681,113.204849,50.181175,60.949013
2/6/2017,152.032944,113.39621,50.602871,60.857368
2/7/2017,154.369339,113.523773,50.612442,61.306465
2/8/2017,153.181747,113.596664,51.63792,62.149651
2/9/2017,153.621246,113.423546,53.008419,63.31366
2/10/2017,155.444748,114.644516,53.880554,62.342144
2/13/2017,157.127945,114.389389,53.755955,62.112995
2/14/2017,157.567429,114.635414,54.100975,62.928711
2/15/2017,158.315536,115.245903,54.28307,62.956215
2/16/2017,159.72757,115.446373,53.947636,63.121197
2/17/2017,161.504318,116.448677,54.388489,63.579453
2/21/2017,164.169403,116.667336,54.97311,65.485825
2/22/2017,163.982346,116.494225,55.81649,65.724129
2/23/2017,165.385056,116.876915,55.001865,65.357498
2/24/2017,165.927414,117.223145,55.452305,66.347351
2/27/2017,167.788315,116.562271,55.289375,65.751602
2/28/2017,168.536362,117.168083,54.781433,65.009232
3/1/2017,171.977646,118.45314,55.538563,64.569313
3/2/2017,171.117355,117.700462,55.567398,64.853432
3/3/2017,170.359848,117.39756,54.509888,64.184357
3/6/2017,169.190948,117.516891,54.577183,64.046883
3/7/2017,170.21022,117.553612,54.365681,64.03772
3/8/2017,169.94841,117.571976,54.327221,64.443947
3/9/2017,168.85434,117.617859,54.183018,64.499336
3/10/2017,167.105667,117.471001,54.250317,64.720924
3/13/2017,167.432968,117.131378,54.481037,64.582451
3/14/2017,167.133713,117.305779,55.067478,65.293343
3/15/2017,167.115021,117.379196,55.432808,65.164101
3/16/2017,166.628723,117.471001,55.375118,65.034843
3/17/2017,168.414825,118.076805,55.567398,64.527039
3/20/2017,167.750885,118.205307,56.413403,64.610123
3/21/2017,164.543427,117.96666,55.769283,64.53627
3/22/2017,165.497253,118.499031,51.837269,64.859406
3/23/2017,165.759094,118.407249,53.231258,64.499336
3/24/2017,164.412521,118.719322,54.183018,64.268517
3/27/2017,164.674347,118.857002,53.76963,64.314697
3/28/2017,165.852615,118.820274,54.432972,64.924042
3/29/2017,166.105087,118.260361,54.490658,65.311821
3/30/2017,166.432373,118.700974,53.875378,66.096573
3/31/2017,165.385056,118.967148,53.577358,66.548996
4/3/2017,165.188644,118.967148,53.413921,66.318176
4/4/2017,167.105667,118.673424,52.914001,66.484367
4/5/2017,165.590759,119.701462,52.856335,66.151993
4/6/2017,165.861938,119.462814,53.010143,65.948868
4/7/2017,167.245926,119.288414,52.9813,67.306068
4/10/2017,166.039627,119.306763,52.779415,67.453796
4/11/2017,166.9841,120.426598,52.798645,67.795395
4/12/2017,164.627594,120.481667,53.423538,67.804634
4/13/2017,164.225449,120.022697,53.202431,67.536896
4/17/2017,167.404892,120.564255,54.067657,67.850792
4/18/2017,166.310822,121.436272,53.942673,68.2201
4/19/2017,166.825119,121.748329,53.702335,68.386292
4/20/2017,167.666733,122.326607,54.221485,69.060287
4/21/2017,168.676666,122.455116,53.692715,69.189529
4/24/2017,170.247665,123.207779,53.3274,69.041817
4/25/2017,171.603577,130.064392,53.308167,69.291092
4/26/2017,169.920364,129.274994,53.029369,69.641914
4/27/2017,171.332382,129.302551,53.3274,69.651169
4/28/2017,172.837936,128.439713,53.269726,69.411102
5/1/2017,170.556259,129.559555,52.865936,69.457275
5/2/2017,171.538116,129.632965,52.942844,69.725021
5/3/2017,171.491379,130.908844,52.423698,69.946602
5/4/2017,171.192139,131.670685,52.36602,70.482101
5/5/2017,173.006271,132.138809,51.866108,70.629814
5/8/2017,173.950699,132.395813,52.202583,70.278992
5/9/2017,174.78302,132.505966,52.769802,70.832947
5/10/2017,172.606293,132.652817,52.452549,71.288376
5/11/2017,173.322449,132.368256,52.144909,70.758591
5/12/2017,172.672287,133.423813,52.106457,70.368202
5/15/2017,171.861969,134.268311,51.693058,70.907272
5/16/2017,172.154053,135.195328,50.741299,69.810555
5/17/2017,168.460297,134.387604,49.799145,69.819862
5/18/2017,167.159927,134.938354,49.683796,72.069115
5/19/2017,170.325989,135.984726,49.770317,73.212318
5/22/2017,173.068039,136.021469,49.578037,73.007851
5/23/2017,172.898453,135.681854,50.183704,72.952072
5/24/2017,174.556854,137.223892,50.001045,72.636063
5/25/2017,176.271805,137.480911,50.327904,72.784775
5/26/2017,175.819489,137.554306,50.558647,72.617477
5/30/2017,176.092758,137.618561,50.875889,72.636063
5/31/2017,176.799454,138.499741,50.943195,73.054314
6/1/2017,176.507339,140.753433,50.451218,74.17894
6/2/2017,179.249374,142.00032,51.107178,74.002342
6/5/2017,178.043259,141.122879,51.136116,74.597198
6/6/2017,175.970261,139.682007,50.624859,73.361031
6/7/2017,177.24231,140.337769,51.348335,73.565506
6/8/2017,178.96669,139.866714,51.319408,73.361031
6/9/2017,179.060913,139.912888,51.570217,73.81646
6/12/2017,179.032654,137.132767,52.12006,73.649162
6/13/2017,180.059723,138.379684,52.390167,73.909401
6/14/2017,181.275269,139.174011,52.727795,74.262581
6/15/2017,184.16806,139.626602,51.030014,73.342445
6/16/2017,185.100906,140.383972,49.293636,69.931358
6/19/2017,187.588562,141.446152,50.181118,70.173042
6/20/2017,186.881836,142.305115,49.737373,70.21022
6/21/2017,187.673325,141.991089,50.730968,70.860847
6/22/2017,187.927734,142.979416,50.547684,70.19162
6/23/2017,190.556702,142.831619,50.981777,69.559593
6/26/2017,188.436569,142.203568,51.396568,70.173042
6/27/2017,187.409531,141.981903,51.078247,70.647049
6/28/2017,188.097366,142.517578,51.473743,71.111778
6/29/2017,186.062042,141.436905,51.290466,70.572708
6/30/2017,186.335297,141.464661,56.914375,70.34034
7/3/2017,187.126785,140.855026,56.576744,70.042931
7/5/2017,190.160965,141.381516,55.52528,70.00573
7/6/2017,189.850021,141.399963,55.139416,70.145149
7/7/2017,190.688614,144.337158,55.930435,70.015038
7/10/2017,192.186874,143.644409,56.653923,68.063202
7/11/2017,194.363525,143.081009,56.12336,68.286285
7/12/2017,194.523682,144.623459,56.161953,68.723122
7/13/2017,194.32579,143.20108,55.891846,69.754791
7/14/2017,196.474197,143.422775,55.94973,70.953766
7/17/2017,196.935913,143.404251,55.747162,70.981644
7/18/2017,196.219803,142.203568,55.612106,70.823639
7/19/2017,198.707397,142.138916,55.727859,70.516914
7/20/2017,198.142014,142.434448,57.010849,70.656342
7/21/2017,199.894669,142.16658,57.830795,70.777184
7/24/2017,199.932343,140.254654,56.86615,71.464973
7/25/2017,200.196228,146.92337,57.290592,72.979942
7/26/2017,219.974594,144.558823,56.296997,73.333153
7/27/2017,227.088776,144.965225,56.094429,74.151062
7/28/2017,227.343231,143.949234,56.596039,74.17894
7/31/2017,228.464523,143.293427,56.962612,74.346237
8/1/2017,225.618835,142.277435,57.724682,74.820259
8/2/2017,224.214828,144.632706,57.676453,74.848145
8/3/2017,224.497559,142.905518,58.01408,75.164154
8/4/2017,223.988708,142.074234,57.647507,74.801666
8/7/2017,226.363235,143.136429,57.676453,75.545235
8/8/2017,225.675369,143.09021,57.35812,75.833359
8/9/2017,222.101807,143.09021,57.782566,76.329063
8/10/2017,220.746307,144.660385,56.981899,75.440536
8/11/2017,222.642105,145.288498,56.885445,75.19735
8/14/2017,224.793823,145.251541,57.666809,75.477951
8/15/2017,226.708572,145.584061,56.489929,75.543404
8/16/2017,225.210907,146.766312,56.470642,75.739822
8/17/2017,223.315094,145.833466,55.428822,74.542625
8/18/2017,223.485703,145.713379,53.007545,74.177895
8/21/2017,223.400406,146.267548,51.714912,74.551994
8/22/2017,227.258362,147.449829,52.216534,74.841934
8/23/2017,225.68486,146.683197,51.714912,74.78582
8/24/2017,226.30098,146.313751,51.936775,73.270645
8/25/2017,223.599487,146.692429,51.994667,73.541878
8/28/2017,224.822266,147.477493,51.830669,72.980713
8/29/2017,227.959808,147.209656,50.866016,73.672836
8/30/2017,227.931396,148.222412,50.70203,73.45771
8/31/2017,227.173035,148.631241,51.118252,73.01812
9/1/2017,227.808151,148.482574,51.650635,73.298721
9/5/2017,224.651642,147.822876,51.311848,74.636185
9/6/2017,222.395615,147.00528,51.069851,74.898064
9/7/2017,223.997604,148.566177,50.7117,74.935478
9/8/2017,226.338882,148.389664,50.527798,73.775711
9/11/2017,228.054611,150.080643,51.331207,73.962784
9/12/2017,228.045105,145.249222,51.689354,74.458473
9/13/2017,229.324783,145.871765,51.805508,74.692307
9/14/2017,232.452835,145.871765,52.008785,74.523949
9/15/2017,236.026398,145.797409,52.144299,75.178635
9/18/2017,239.893845,145.574417,51.786156,74.823235
9/19/2017,239.306137,146.271255,51.621601,74.87001
9/20/2017,242.149811,148.547607,51.844227,75.290894
9/21/2017,242.6996,147.757874,51.486084,74.832581
9/22/2017,243.088257,147.646347,51.534485,74.383636
9/25/2017,241.069199,145.184189,51.524792,74.028236
9/26/2017,240.481522,142.480453,51.979748,74.252716
9/27/2017,241.979202,143.130859,50.982735,74.15918
9/28/2017,241.021835,146.326996,50.944016,73.841179
9/29/2017,240.964951,145.574417,50.189007,73.083603
10/2/2017,242.652206,145.834564,50.208366,73.373528
10/3/2017,242.149811,145.741669,49.821182,74.093697
10/4/2017,242.434174,146.066864,50.41164,73.972122
10/5/2017,245.401138,147.544174,50.508434,74.271416
10/6/2017,245.107224,148.287445,50.740749,73.887947
10/9/2017,244.927185,148.770599,49.869576,75.318947
10/10/2017,247.334824,149.197983,49.879253,78.685982
10/11/2017,247.818237,151.5858,49.395275,80.182442
10/12/2017,248.263763,152.291962,49.201679,80.528519
10/13/2017,247.154739,153.648468,49.34687,81.014862
10/16/2017,246.216293,153.31398,49.724377,80.191803
10/17/2017,245.145172,153.676346,50.334202,80.416275
10/18/2017,246.491241,154.020126,50.624588,80.640739
10/19/2017,245.543304,154.69838,51.002098,80.80909
10/20/2017,250.955765,154.512543,51.360241,81.781807
10/23/2017,248.652451,151.76236,51.941029,82.913506
10/24/2017,252.140656,152.264099,51.708714,82.28685
10/25/2017,244.955597,151.985352,53.180019,82.754509
10/26/2017,245.761322,152.384888,54.990116,82.885445
10/27/2017,243.097702,153.667038,54.167343,82.464561
10/30/2017,245.742355,154.44751,53.499447,81.323502
10/31/2017,244.538559,155.079285,53.228416,81.66021
11/1/2017,245.031418,154.577591,53.305855,82.249458
11/2/2017,248.946289,156.184967,53.354244,83.053802
11/3/2017,248.112106,156.695953,53.92535,83.876854
11/6/2017,250.311218,158.015335,54.244781,82.960266
11/7/2017,252.26387,158.66571,53.383293,83.194092
11/8/2017,251.733063,158.043198,53.973747,84.419319
11/9/2017,250.351242,155.162933,54.331898,84.456734
11/10/2017,248.588211,153.852875,54.293182,85.036606
11/13/2017,250.084427,155.506714,54.11895,85.102074
11/14/2017,249.455414,156.19426,54.186703,85.19561
11/15/2017,250.503693,155.460251,54.815884,84.017143
11/16/2017,251.304245,156.175674,55.396664,93.173637
11/17/2017,249.931885,154.902786,57.293869,91.162773
11/20/2017,252.190536,155.0979,57.351948,91.172119
11/21/2017,254.43956,156.370804,57.487465,90.274231
11/22/2017,252.686081,157.067627,57.177711,90.171356
11/24/2017,253.381775,157.123413,57.419701,90.367767
11/27/2017,253.095856,156.984024,57.719784,90.367767
11/28/2017,255.392593,159.195297,57.671375,90.508049
11/29/2017,256.640991,158.349823,58.426395,91.246941
11/30/2017,263.788391,160.7332,58.484463,90.938293
12/1/2017,258.623199,161.574371,58.15427,91.050514
12/4/2017,264.903442,159.49942,58.367916,90.732544
12/5/2017,262.587708,161.686569,58.678696,91.499458
12/6/2017,265.18927,162.144516,57.998882,91.461868
12/7/2017,268.715363,161.611771,58.853516,91.471306
12/8/2017,272.460632,161.83609,59.53334,91.253922
12/11/2017,269.849487,161.929535,60.125759,91.613091
12/12/2017,276.310791,160.976212,60.378269,91.395699
12/13/2017,278.121399,162.209946,62.446892,92.39756
12/14/2017,280.065582,161.826736,62.670254,91.802101
12/15/2017,280.122711,162.686615,62.922764,91.783218
12/18/2017,282.21933,162.817474,62.942173,92.529869
12/19/2017,283.27713,162.06041,62.388615,93.380508
12/20/2017,283.896545,160.92012,61.757339,93.333244
12/21/2017,281.161499,160.621033,62.903343,92.681107
12/22/2017,281.22821,160.219131,61.465988,92.822868
12/26/2017,281.475922,160.097626,61.815617,93.720764
12/27/2017,281.723694,161.387451,61.135788,93.815269
12/28/2017,282.419434,161.789368,61.135788,93.947594
12/29/2017,281.04715,160.873367,60.747318,93.333244
1/2/2018,282.886383,161.901535,61.660229,93.182022
1/3/2018,283.801239,161.219208,61.650509,93.994858
1/4/2018,282.724396,162.350159,61.611671,94.079918
1/5/2018,294.322296,162.677261,62.136112,94.63755
1/8/2018,295.57074,162.565094,62.689682,96.036369
1/9/2018,303.461517,162.200607,62.242928,94.883293
1/10/2018,305.205505,162.172577,62.369198,94.202774
1/11/2018,312.696014,162.06041,62.437168,94.533585
1/12/2018,320.405701,162.228668,62.806221,95.33696
1/16/2018,319.40509,162.331436,61.592243,95.16684
1/17/2018,334.51004,163.546494,61.971004,97.066582
1/18/2018,324.170074,163.16333,62.26236,98.578819
1/19/2018,321.854309,164.612015,65.273018,98.852905
1/22/2018,322.111572,164.696152,64.476654,99.665726
1/23/2018,319.81485,165.256943,65.205032,100.091049
1/24/2018,318.957184,164.612015,66.040253,99.987083
1/25/2018,326.981415,164.182083,65.758621,100.752655
1/26/2018,327.086212,166.705643,66.079109,102.444466
1/29/2018,324.799042,166.154205,65.632355,103.54084
1/30/2018,321.835236,161.209869,65.389557,101.820663
1/31/2018,337.712097,159.957428,66.253906,100.752655
2/1/2018,340.161285,160.66777,65.70034,99.731895
2/2/2018,332.508728,158.312439,65.28273,98.748947
2/5/2018,313.420319,153.143753,62.53429,94.599739
2/6/2018,324.884796,154.386856,63.34037,95.365326
2/7/2018,331.75589,154.882233,63.73856,97.208344
2/8/2018,315.714478,148.582626,60.689053,94.533585
2/9/2018,318.750305,150.29306,63.602589,93.919243
2/12/2018,329.256226,153.190506,64.078468,94.089355
2/13/2018,328.643341,151.788513,63.971626,95.440926
2/14/2018,330.261841,149.536011,66.001396,96.121414
2/15/2018,341.380798,150.274353,66.321892,97.56752
2/16/2018,340.020813,147.479721,66.331612,99.032471
2/20/2018,338.402313,146.8909,65.544937,88.947762
2/21/2018,337.463745,148.2742,65.11763,86.499832
2/22/2018,340.863586,150.162201,65.19532,87.681267
2/23/2018,341.572296,152.405396,66.195648,87.794693
2/26/2018,348.10376,152.891388,67.6427,88.01207
2/27/2018,349.214691,150.162201,66.069389,86.499832
2/28/2018,346.887451,148.365707,65.098206,85.07267
3/1/2018,334.897125,146.446945,64.408669,84.193672
3/2/2018,330.089508,139.458511,64.184608,83.900681
3/5/2018,337.827637,142.054474,63.366367,85.044312
3/6/2018,334.159698,142.214371,63.551456,84.174774
3/7/2018,332.359222,143.324265,62.509132,82.927177
3/8/2018,333.977753,145.261841,63.424816,83.592728
3/9/2018,339.522827,147.895447,64.584015,84.353348
3/12/2018,329.629822,148.365707,65.090553,83.735352
3/13/2018,324.343292,148.817215,64.457367,83.954025
3/14/2018,316.289063,148.836014,64.48658,83.355034
3/15/2018,316.020935,152.005737,64.671684,83.202896
3/16/2018,316.490173,152.711166,64.204102,84.781204
3/19/2018,317.725616,149.560242,64.00927,83.145859
3/20/2018,323.34729,149.908249,65.071068,83.621246
3/21/2018,322.839722,149.231033,64.632721,83.839935
3/22/2018,306.089539,147.707291,62.75267,82.851112
3/23/2018,307.420776,145.76976,62.957226,81.215782
3/26/2018,315.053619,148.619659,64.194374,83.193405
3/27/2018,307.535736,148.121155,64.457367,81.814781
3/28/2018,306.482208,148.995895,63.746281,83.450111
3/29/2018,314.009766,147.086517,64.72039,84.591057
4/2/2018,308.799866,148.346909,62.460438,81.339386
4/3/2018,316.825409,150.86763,64.973656,82.527855
4/4/2018,313.588379,152.118591,66.649139,82.927193
4/5/2018,322.169312,154.206665,67.788849,83.488144
4/6/2018,312.324219,151.667114,65.801651,82.423279
4/9/2018,308.838165,151.6483,65.441223,82.03344
4/10/2018,320.665741,153.096786,65.265907,82.195084
4/11/2018,313.511749,153.632935,65.100288,81.681664
4/12/2018,323.203644,152.015137,66.015953,81.225281
4/13/2018,315.350525,152.118591,65.50943,81.78624
4/16/2018,317.735168,152.024551,65.324341,82.56588
4/17/2018,322.4758,152.889877,65.762688,83.573723
4/18/2018,326.574768,152.193832,64.48658,83.259964
4/19/2018,326.230011,150.049347,64.028778,83.564217
4/20/2018,324.343292,149.334503,64.37944,82.699005
4/23/2018,324.506104,149.541458,65.148994,81.862305
4/24/2018,315.139801,147.970703,65.236679,82.271141
4/25/2018,328.356018,146.672684,64.944435,82.879646
4/26/2018,328.289032,149.456772,66.288719,83.611755
4/27/2018,326.459808,148.892456,67.759628,82.993736
4/30/2018,319.449463,157.489258,66.619926,84.10614
5/1/2018,315.599548,153.726959,66.337433,83.107841
5/2/2018,310.475861,151.130997,66.493271,82.090508
5/3/2018,316.700867,150.56665,65.16848,81.985924
5/4/2018,320.282654,155.222519,66.337433,83.221924
5/7/2018,326.028839,155.194244,67.545334,81.263313
5/8/2018,324.056,154.977921,66.688103,81.52002
5/9/2018,329.926666,154.479416,66.191292,78.971931
5/10/2018,331.158661,155.260117,66.162086,79.115448
5/11/2018,329.60907,155.561081,66.658882,79.77562
5/14/2018,331.659149,154.930893,67.058258,80.741951
5/15/2018,329.28183,153.369553,67.70118,80.866325
5/16/2018,328.174957,153.190857,69.493553,82.406746
5/17/2018,331.225983,151.723541,69.10392,80.837639
5/18/2018,338.049927,151.413147,69.474075,80.024376
5/21/2018,350.263794,151.883469,69.532516,80.856773
5/22/2018,341.697754,149.974091,69.464348,79.76606
5/23/2018,345.730499,152.015137,69.493553,79.421616
5/24/2018,345.528381,152.73938,70.311829,79.268524
5/25/2018,346.577484,153.510635,70.380013,78.895393
5/29/2018,339.253021,151.07457,69.084435,78.837982
5/30/2018,344.748779,152.203262,70.360527,80.483627
5/31/2018,338.945038,150.500824,69.941658,78.971931
6/1/2018,343.333923,150.652267,71.074799,79.402473
6/4/2018,347.193481,151.655609,72.120003,81.727425
6/5/2018,346.587097,150.95517,72.334915,80.962029
6/6/2018,357.617035,153.700119,73.0187,80.904602
6/7/2018,354.700775,160.420609,73.028473,81.277748
6/8/2018,355.634308,159.881088,73.165222,80.713264
6/11/2018,357.020325,157.590454,72.862419,80.655853
6/12/2018,356.712341,157.817627,72.569344,80.464493
6/13/2018,350.196381,157.675644,72.393524,80.454926
6/14/2018,348.820099,158.120499,72.969849,80.167892
6/15/2018,344.450409,157.562057,74.08345,80.081779
6/18/2018,341.428192,157.391678,73.858788,79.412048
6/19/2018,328.319336,156.151688,72.540054,79.995674
6/20/2018,329.830383,153.870529,72.989388,79.995674
6/21/2018,324.989166,151.949051,72.227463,80.569725
6/22/2018,326.192261,155.75415,71.729271,81.153374
6/25/2018,318.771606,151.267502,70.674286,82.732056
6/26/2018,318.867859,152.308731,70.879417,82.263229
6/27/2018,317.44342,149.005249,69.697449,83.133888
6/28/2018,322.092133,147.964096,70.03933,82.148407
6/29/2018,322.91983,148.314316,77.834511,81.947502
7/2/2018,323.468475,148.48468,76.535316,80.368813
7/3/2018,320.436676,148.115509,74.513245,80.789795
7/5/2018,320.677307,148.910645,74.777008,80.914177
7/6/2018,322.082581,150.898376,74.708633,80.856773
7/9/2018,329.089355,151.390579,75.490089,82.215385
7/10/2018,334.132629,152.034225,75.773384,83.440048
7/11/2018,327.818848,150.141129,75.568237,82.789452
7/12/2018,333.045074,150.61441,75.578026,82.779884
7/13/2018,337.626465,150.037018,75.587776,83.908867
7/16/2018,342.737183,150.292587,75.949211,83.851456
7/17/2018,343.487946,151.210724,75.675697,84.377686
7/18/2018,346.71225,149.488022,74.816078,84.262878
7/19/2018,341.996094,148.995819,75.167732,83.928009
7/20/2018,341.582214,149.525864,75.177521,84.253311
7/23/2018,340.013367,150.264175,74.816078,83.841904
7/24/2018,344.825745,149.497467,73.780632,84.157631
7/25/2018,342.563934,150.396713,75.372894,84.100235
7/26/2018,345.836334,147.793701,76.339951,84.41597
7/27/2018,347.116455,149.062057,75.109131,84.320282
7/30/2018,337.886322,150.160049,74.200676,85.037849
7/31/2018,342.929688,149.118835,75.128677,85.372734
8/1/2018,339.522583,148.531998,75.744072,84.425522
8/2/2018,336.606232,147.102722,76.828377,84.923058
8/3/2018,335.364655,147.859955,76.916283,85.726738
8/6/2018,333.564789,148.342712,77.668449,85.793709
8/7/2018,337.597565,147.69902,78.664825,85.889389
8/8/2018,334.729431,150.425095,78.635529,86.157295
8/9/2018,332.456421,150.78479,79.377907,85.656868
8/10/2018,328.287659,150.197906,78.860184,86.782799
8/13/2018,327.272095,149.686768,78.293633,86.263145
8/14/2018,328.026489,152.015305,78.283867,87.427551
8/15/2018,320.888367,151.333786,77.727066,86.821289
8/16/2018,334.642365,153.084869,78.195938,94.924095
8/17/2018,335.048584,152.535889,77.902893,94.163857
8/20/2018,339.246338,153.037552,80.276611,92.383545
8/21/2018,342.177094,152.431763,81.028778,92.460541
8/22/2018,338.559631,151.967941,80.725952,92.065979
8/23/2018,336.093201,150.548141,80.989708,91.594444
8/24/2018,337.930969,150.860504,80.540344,91.373108
8/27/2018,342.148071,151.901688,80.735718,90.978554
8/28/2018,339.700958,152.999695,80.667343,92.450905
8/29/2018,338.714417,154.391129,80.87249,92.037109
8/30/2018,335.532227,154.097702,79.514671,92.479782
8/31/2018,331.556915,154.516754,80.493919,92.248833
9/4/2018,334.903503,154.031021,77.947876,91.767654
9/5/2018,335.319397,155.47876,78.26123,92.980194
9/6/2018,339.759003,155.954987,78.731277,92.816582
9/7/2018,337.834229,156.107376,78.633362,92.219955
9/10/2018,330.657318,157.221756,80.395988,93.249649
9/11/2018,333.936279,156.793121,80.914993,92.999443
9/12/2018,341.828888,156.907455,81.277328,92.354691
9/13/2018,343.811737,154.67868,81.737572,91.53669
9/14/2018,348.00946,153.192856,81.757133,91.026665
9/17/2018,344.295319,150.621216,81.531921,91.248001
9/18/2018,351.665619,150.268814,83.490425,91.835022
9/19/2018,353.251862,151.611786,82.677643,91.652176
9/20/2018,355.418488,153.145233,83.598137,92.142975
9/21/2018,360.032227,157.440811,83.774391,92.287315
9/24/2018,355.931122,155.545425,82.520966,91.344231
9/25/2018,355.196014,158.498047,83.030167,91.517456
9/26/2018,353.068115,157.878952,81.962776,91.026665
9/27/2018,355.350769,158.612366,82.785362,90.584
9/28/2018,359.712952,159.336166,82.961617,90.372299
10/1/2018,369.762512,158.745682,82.707031,90.843834
10/2/2018,373.708801,157.326508,81.052094,91.565582
10/3/2018,379.444489,156.831238,80.787697,90.526268
10/4/2018,377.210175,157.917023,78.515862,90.660973
10/5/2018,373.805542,158.650452,78.4571,89.794884
10/8/2018,373.128479,159.793381,78.564819,91.122902
10/9/2018,372.809265,161.755432,78.750877,93.422867
10/10/2018,355.428162,160.364853,73.384613,92.152611
10/11/2018,346.374847,155.221588,72.963539,90.381912
10/12/2018,348.309326,156.031174,74.33448,91.23838
10/15/2018,347.11969,155.888306,73.433563,90.285667
10/16/2018,356.182587,156.269287,75.871887,92.200699
10/17/2018,353.522675,158.840912,74.892647,92.922447
10/18/2018,347.574249,158.879028,74.030899,92.54715
10/19/2018,344.58548,159.526688,72.669746,93.490227
10/22/2018,344.314697,158.707581,73.345436,93.480598
10/23/2018,338.578979,168.727402,71.827599,94.115738
10/24/2018,343.028229,168.917892,70.623131,93.884781
10/25/2018,351.849396,166.974899,71.582794,95.443764
10/26/2018,347.496826,165.098541,70.574173,95.212791
10/29/2018,324.592834,164.99379,70.691681,96.040405
10/30/2018,338.443573,170.003693,72.963539,98.561707
10/31/2018,343.231323,168.489273,73.482521,96.502312
11/1/2018,351.172363,166.565353,75.196205,96.791016
11/2/2018,346.026672,168.34642,74.99057,97.522385
11/5/2018,350.118073,171.813339,75.92086,99.033249
11/6/2018,354.460938,174.023041,74.980774,99.437424
11/7/2018,359.829041,175.489838,76.351715,100.390129
11/8/2018,360.27597,176.661362,76.165649,100.929024
11/9/2018,358.886475,177.099487,74.775131,101.583412
11/12/2018,346.924896,175.604126,73.541275,99.957069
11/13/2018,339.617737,175.26123,73.639206,99.062096
11/14/2018,334.963318,175.108871,73.639206,97.705223
11/15/2018,331.902466,174.832642,72.787247,95.790192
11/16/2018,326.441559,178.671005,73.188751,94.009888
11/19/2018,311.856384,177.842407,71.014824,93.134163
11/20/2018,308.708099,174.975494,69.64389,90.612862
11/21/2018,308.338806,174.032578,70.86795,90.62249
11/23/2018,303.480316,173.280121,70.006203,91.517456
11/26/2018,307.406006,175.146957,71.20089,91.565582
11/27/2018,309.028778,175.851746,70.59375,91.459709
11/28/2018,324.060852,178.918671,73.110428,93.788551
11/29/2018,332.864471,180.261627,72.797066,93.624954
11/30/2018,336.945618,180.654556,73.779221,93.97139
12/3/2018,349.771973,177.64537,76.548874,95.029945
12/4/2018,332.806152,177.329147,74.437256,92.200699
12/6/2018,322.506195,177.722076,74.191719,91.697556
12/7/2018,314.071838,175.335831,72.030975,90.1688
12/10/2018,317.113281,176.955399,71.215797,90.894478
12/11/2018,312.915497,175.93956,72.256882,90.807396
12/12/2018,317.443604,175.834152,72.993492,90.0914
12/13/2018,316.258179,178.661224,71.628304,89.946251
12/14/2018,309.728363,175.652084,71.235435,88.872223
12/17/2018,307.182526,173.256256,68.652382,87.827248
12/18/2018,318.774841,172.221252,69.880074,88.127205
12/19/2018,310.505707,171.694168,67.738983,87.61438
12/20/2018,304.189667,166.442535,66.324669,84.450394
12/21/2018,295.930267,166.892944,71.0783,84.30526
12/24/2018,285.83432,163.184235,66.884506,83.03772
12/26/2018,305.044769,166.777969,71.706879,87.47892
12/27/2018,308.16391,168.38797,72.355087,88.620667
12/28/2018,307.425446,168.244186,72.030975,89.14315
12/31/2018,313.372223,170.170425,72.816696,90.130081
1/2/2019,314.645142,168.723358,72.738121,90.313919
1/3/2019,302.100555,167.611679,71.4515,89.849495
1/4/2019,317.822601,170.85083,73.317596,90.41069
1/7/2019,318.823395,172.710022,74.3685,91.475037
1/8/2019,330.891937,173.074173,75.360481,92.113625
1/9/2019,334.09848,172.777069,75.222969,91.81369
1/10/2019,342.630005,173.984573,75.055992,91.881409
1/11/2019,342.911835,174.770401,74.682785,91.765282
1/14/2019,340.443695,173.66835,74.731888,91.871727
1/15/2019,342.270508,173.476685,76.489944,93.129593
1/16/2019,342.095551,171.876266,76.29351,93.226334
1/17/2019,348.926636,173.562912,77.717636,93.603699
1/18/2019,354.407013,174.962082,79.014076,94.561607
1/22/2019,347.770325,176.878723,79.308723,94.329384
1/23/2019,348.460205,178.335403,79.063194,95.509842
1/24/2019,348.129822,179.562042,79.004257,95.171181
1/25/2019,353.891968,176.332489,79.171219,93.797226
1/28/2019,352.696777,175.949173,78.886391,93.913322
1/29/2019,354.581909,174.578751,78.788185,93.574677
1/30/2019,376.746277,174.195435,79.829262,91.726601
1/31/2019,374.705688,171.330017,80.418549,92.723198
2/1/2019,376.464508,169.355865,80.055161,90.817078
2/4/2019,385.763641,170.151276,80.526581,91.697556
2/5/2019,398.570557,170.170425,81.381065,92.500648
2/6/2019,399.474243,168.838364,81.233734,92.53936
2/7/2019,395.680267,167.975861,80.919449,93.594032
2/8/2019,395.426361,167.467941,80.889992,92.481316
2/11/2019,394.488861,166.998367,82.186424,93.081207
2/12/2019,401.100311,166.720459,83.198036,93.826241
2/13/2019,400.963593,166.892944,83.875732,94.764801
2/14/2019,400.221344,168.541275,83.168579,95.325989
2/15/2019,408.180511,172.470428,83.856079,96.748329
2/19/2019,406.510529,171.780426,83.060547,98.886681
2/20/2019,411.676636,172.968735,83.325722,96.641907
2/21/2019,407.799622,175.192078,82.451607,96.167786
2/22/2019,414.118073,175.537079,83.247147,96.322594
2/25/2019,416.87204,175.000412,83.649834,95.906548
2/26/2019,416.774353,175.575424,84.2686,95.490479
2/27/2019,425.241302,175.719162,84.631989,94.929283
2/28/2019,429.655426,177.300827,84.199837,95.780754
3/1/2019,430.299988,178.467789,85.824562,94.755119
3/4/2019,422.555725,174.166428,84.32785,94.677711
3/5/2019,420.045898,174.899399,84.130905,95.151825
3/6/2019,414.518463,175.555222,83.825661,95.074417
3/7/2019,412.662964,174.098907,83.953674,94.290672
3/8/2019,412.643463,173.115189,83.50071,94.42614
3/11/2019,390.641144,174.639023,84.505089,95.287292
3/12/2019,366.61731,175.36232,84.121063,95.180862
3/13/2019,368.306824,175.584152,84.613411,95.819458
3/14/2019,364.556702,176.23996,85.539001,95.547081
3/15/2019,370.113434,178.737808,85.470078,95.741638
3/18/2019,363.560638,177.406906,86.474442,96.947891
3/19/2019,364.683685,176.596771,86.346436,97.132729
3/20/2019,367.349762,178.39064,85.361763,95.95565
3/21/2019,363.970795,179.740829,86.66153,96.364212
3/22/2019,353.687439,180.165161,80.93071,95.605438
3/25/2019,361.783203,179.113937,81.068558,95.498428
3/26/2019,361.705109,180.811356,82.102463,95.644356
3/27/2019,365.445404,180.840286,81.816917,94.564552
3/28/2019,365.670044,182.653412,82.752357,94.48674
3/29/2019,372.486572,183.145294,82.919762,94.875854
4/1/2019,382.369537,181.68898,83.924126,95.157959
4/2/2019,381.597992,181.650421,83.077309,94.301918
4/3/2019,375.72876,181.650421,83.175774,94.54512
4/4/2019,386.588348,183.116333,83.973358,95.440071
4/5/2019,382.750336,183.926468,84.09153,96.14048
4/8/2019,365.748169,183.097046,83.431801,96.529594
4/9/2019,360.396515,183.318878,82.988678,96.00428
4/10/2019,356.392517,182.489471,83.579491,96.889526
4/11/2019,361.490295,182.161575,83.697647,98.056877
4/12/2019,370.74823,184.784805,84.918648,98.796181
4/15/2019,366.666107,185.025925,85.499619,99.642525
4/16/2019,372.77951,184.881256,86.454742,100.128899
4/17/2019,368.677887,184.794434,87.370506,100.352646
4/18/2019,371.168182,187.977081,87.833298,100.372101
4/22/2019,366.382965,187.022263,86.0215,99.584145
4/23/2019,365.259827,188.314606,86.090424,100.265091
4/24/2019,366.666107,190.600311,87.035713,100.712578
4/25/2019,373.834229,190.889633,86.21843,100.702843
4/26/2019,371.871277,190.397781,86.95694,98.766998
4/29/2019,370.172058,190.108459,86.907715,98.796181
4/30/2019,368.843903,190.54245,86.484299,100.041351
5/1/2019,367.974762,187.263397,84.583862,98.601624
5/2/2019,366.998169,187.687729,83.963509,98.397346
5/3/2019,367.6427,190.494232,84.386909,99.30204
5/6/2019,362.896545,191.825134,82.289551,99.671692
5/7/2019,348.863098,190.995728,81.275345,98.543259
5/8/2019,351.324066,190.986084,81.501816,97.570465
5/9/2019,347.822571,190.696747,81.708603,97.345543
5/10/2019,348.352966,192.876389,82.663734,99.663292
5/13/2019,331.361084,191.950516,81.265495,97.68782
5/14/2019,336.930115,190.966766,82.388023,98.07901
5/15/2019,339.483826,191.989105,82.722816,97.67804
5/16/2019,347.50827,192.876389,82.988678,99.076508
5/17/2019,348.696716,192.133743,83.274246,98.636452
5/20/2019,346.50647,191.911942,81.580597,99.281883
5/21/2019,352.360291,192.731705,82.358482,98.890709
5/22/2019,346.496613,192.847458,81.925232,99.976234
5/23/2019,344.306335,191.89267,81.37381,99.614395
5/24/2019,348.578857,190.735352,80.901176,100.406532
5/28/2019,348.559235,189.674454,79.955872,100.162048
5/29/2019,342.587494,189.047577,77.661583,99.868668
5/30/2019,343.638428,192.153046,78.045593,99.937119
5/31/2019,335.525574,192.337357,76.169495,99.203651
6/3/2019,332.854034,192.832108,76.979187,99.712204
6/4/2019,338.481964,193.656662,80.59314,100.298958
6/5/2019,342.538391,194.141724,81.679306,102.11795
6/6/2019,344.394775,196.974319,81.412689,102.79274
6/7/2019,347.400269,199.331635,82.360611,103.721802
6/10/2019,347.498444,195.276688,81.541061,105.149612
6/11/2019,343.108063,197.178024,82.212517,105.560364
6/12/2019,340.84903,198.79808,81.590424,106.420952
6/13/2019,342.646423,198.371246,82.558105,106.2547
6/14/2019,340.976715,199.147293,82.390244,106.665459
6/17/2019,348.578857,197.711609,81.076973,106.753471
6/18/2019,367.299377,198.39064,83.239433,107.232651
6/19/2019,361.995575,198.429443,82.498863,107.203316
6/20/2019,368.203003,198.982376,84.167595,107.887886
6/21/2019,365.217133,198.148117,84.671181,108.680023
6/24/2019,367.328827,197.818298,83.436905,108.787598
6/25/2019,362.742004,199.554749,81.580559,108.279068
6/26/2019,368.261902,198.429443,81.511436,107.731422
6/27/2019,357.536407,200.097977,82.607483,107.672737
6/28/2019,357.526581,201.446396,82.893829,108.054138
7/1/2019,350.111084,200.12709,84.335464,108.181274
7/2/2019,347.852051,203.308945,83.891121,109.139664
7/3/2019,348.156494,206.442291,85.115517,109.843788
7/5/2019,349.521729,204.919281,85.727715,109.511292
7/8/2019,344.86618,205.811752,87.366837,110.234962
7/9/2019,346.801117,205.743866,86.932365,110.391441
7/10/2019,346.025146,206.626633,86.339912,110.48925
7/11/2019,352.605835,206.325897,87.179222,111.408524
7/12/2019,358.82309,206.616913,87.998787,112.073524
7/15/2019,355.169342,207.800415,88.354256,112.445145
7/16/2019,356.289032,207.325058,87.485321,112.230003
7/17/2019,362.938477,207.315353,86.399162,112.073524
7/18/2019,354.678223,209.449539,86.339912,112.190895
7/19/2019,370.638794,207.470596,85.461121,111.388969
7/22/2019,366.769043,208.566772,84.88842,110.332771
7/23/2019,366.425262,207.8974,85.609215,109.618866
7/24/2019,354.992554,206.413193,85.609215,109.530846
7/25/2019,341.890167,208.023529,86.181931,109.745995
7/26/2019,338.855194,209.12941,86.43866,110.528358
7/29/2019,334.150482,208.547348,86.517654,109.794899
7/30/2019,341.271362,205.986343,86.102936,109.589531
7/31/2019,335.10321,204.414841,84.947647,107.946556
8/1/2019,328.335938,204.928986,82.07428,106.968605
8/2/2019,333.512085,208.062317,80.119186,106.988159
8/5/2019,325.163452,204.152924,77.976479,103.487091
8/6/2019,326.528748,207.674316,80.277168,104.905113
8/7/2019,325.477783,210.34201,80.257408,105.814629
8/8/2019,332.420715,211.486694,81.955788,106.649963
8/9/2019,333.606689,214.53273,80.948616,105.431335
8/12/2019,329.050537,210.66214,80.622765,103.406845
8/13/2019,328.971466,213.155228,82.271744,105.559105
8/14/2019,316.676788,210.002487,80.010559,104.369942
8/15/2019,324.168243,211.738922,78.509689,110.748123
8/16/2019,326.589661,211.932938,79.269997,111.042946
8/19/2019,329.880707,212.233658,80.109299,111.848816
8/20/2019,327.874451,211.932938,79.516853,110.119148
8/21/2019,336.018188,214.105927,81.699036,110.089661
8/22/2019,350.269714,212.922424,82.261879,109.98156
8/23/2019,351.851044,208.236954,79.427986,108.920174
8/26/2019,354.845642,210.419632,81.215218,110.060173
8/27/2019,350.585999,209.585358,80.997978,110.482773
8/28/2019,355.764771,211.544922,82.429733,110.777596
8/29/2019,358.502411,213.940994,84.305832,112.114166
8/30/2019,359.836639,212.565948,83.652451,112.291061
9/3/2019,350.279633,211.746765,83.820747,112.664513
9/4/2019,352.36496,213.082825,85.483894,113.912636
9/5/2019,356.090881,214.048279,87.533142,113.450729
9/6/2019,358.759369,214.574875,87.800438,112.752968
9/9/2019,354.588654,211.873566,87.780617,114.325386
9/10/2019,365.173523,204.481476,85.959084,114.050217
9/11/2019,378.466431,204.988602,85.879883,114.020729
9/12/2019,371.241821,206.890228,86.790665,114.90522
9/13/2019,375.323578,204.608261,86.444176,115.406441
9/16/2019,374.424194,202.258026,86.394669,113.578484
9/17/2019,379.7117,204.647278,86.711464,114.502289
9/18/2019,381.895905,205.212891,87.196541,115.141098
9/19/2019,379.948914,205.300674,86.820358,115.091949
9/20/2019,374.957916,204.198669,85.810593,114.964203
9/23/2019,372.625458,206.295364,86.810455,115.593163
9/24/2019,377.191498,206.763489,86.305573,116.359718
9/25/2019,381.688354,207.358353,89.899162,116.428513
9/26/2019,382.3703,207.329102,91.245522,116.261444
9/27/2019,378.38736,207.875214,91.384117,116.408867
9/30/2019,376.025269,209.38678,92.977966,116.634895
10/1/2019,370.559875,203.83786,91.354416,115.819206
10/2/2019,363.06842,201.156021,90.572342,114.119011
10/3/2019,367.723419,204.822815,91.295021,114.305733
10/4/2019,371.311035,206.441635,92.13649,116.123856
10/7/2019,372.141205,206.665924,92.235497,115.209892
10/8/2019,369.729706,205.876038,90.829742,115.553856
10/9/2019,370.579651,207.553391,91.59201,116.880592
10/10/2019,366.665924,206.509903,92.0672,117.548882
10/11/2019,370.540131,203.83786,92.93837,118.168022
10/14/2019,368.820435,203.21373,93.928345,117.116455
10/15/2019,366.626373,202.082489,93.839249,117.470245
10/16/2019,368.079224,203.135696,93.928345,117.362144
10/17/2019,364.748596,201.721664,94.601517,117.774902
10/18/2019,339.981354,203.330734,95.136101,117.086975
10/21/2019,327.192474,204.647278,95.254906,117.67662
10/22/2019,333.06311,194.329575,94.641113,117.519394
10/23/2019,336.522217,194.271072,91.39402,117.29335
10/24/2019,340.524902,191.160156,90.582245,117.047661
10/25/2019,335.860046,189.78511,90.008064,116.988693
10/28/2019,336.897766,187.025269,89.938751,117.165596
10/29/2019,344.853729,187.844452,88.384514,115.131256
10/30/2019,342.017273,192.008591,89.285385,116.064888
10/31/2019,335.939117,191.823288,88.651802,115.239372
11/1/2019,341.15744,189.131729,88.285515,115.593163
11/4/2019,346.988495,183.982635,88.958687,115.544022
11/5/2019,354.104401,187.415329,88.978493,116.811806
11/6/2019,350.052307,189.365768,88.582504,117.440765
11/7/2019,355.196686,188.29306,89.493286,118.158188
11/8/2019,348.924011,188.809906,88.909195,117.381805
11/11/2019,364.789612,187.863937,89.146797,116.988693
11/12/2019,360.733734,188.488083,88.602295,117.067314
11/13/2019,360.355988,190.165451,90.374344,118.895264
11/14/2019,365.266785,189.190231,90.354546,118.570946
11/15/2019,369.481689,189.16098,92.106796,116.821625
11/18/2019,367.274811,189.463287,93.235359,118.177841
11/19/2019,364.829376,188.644119,92.671082,117.824051
11/20/2019,368.716248,189.317017,92.116699,117.077148
11/21/2019,364.272675,187.581146,91.235626,117.794563
11/22/2019,369.143707,188.351563,92.403786,117.303185
11/25/2019,370.923126,187.132553,91.968201,116.870758
11/26/2019,371.300873,189.199982,92.39389,117.136108
11/27/2019,365.823456,191.433212,93.195755,116.713516
11/29/2019,364.014221,190.873764,92.793777,117.037827
12/2/2019,353.079285,191.560791,92.863258,117.224564
12/3/2019,349.99762,189.539001,91.771454,116.625069
12/4/2019,346.776764,190.70694,93.022072,116.64473
12/5/2019,343.635468,190.608795,95.076653,117.138313
12/6/2019,351.995728,191.727661,96.277641,118.243942
12/9/2019,349.132751,191.070068,95.910385,117.829338
12/10/2019,345.842346,191.335083,96.287567,117.612152
12/11/2019,347.929932,191.109329,96.456306,117.473953
12/12/2019,344.241882,192.669846,96.992279,118.224205
12/13/2019,339.6492,193.464813,97.041908,118.747406
12/16/2019,325.065948,194.210754,98.074158,118.994194
12/17/2019,325.065948,192.875961,98.907906,119.724709
12/18/2019,328.724182,192.002472,99.821053,118.322922
12/19/2019,331.527496,193.405945,100.396736,118.5401
12/20/2019,326.060028,193.484451,99.215599,118.747406
12/23/2019,335.553558,192.561874,99.295006,117.503563
12/24/2019,331.030457,193.023178,99.394257,117.977409
12/26/2019,327.968689,193.405945,99.960014,117.987274
12/27/2019,328.187408,194.495361,100.813614,118.056381
12/30/2019,324.469513,193.258728,100.049347,117.86882
12/31/2019,323.833313,193.945755,100.555542,117.316002
1/2/2020,331.348572,197.066772,101.438911,117.414719
1/3/2020,330.791901,196.369949,101.161003,116.378189
1/6/2020,331.766083,198.578217,101.071678,116.141258
1/7/2020,335.285156,198.872665,101.022041,115.065247
1/8/2020,329.410095,202.091843,100.793755,114.670372
1/9/2020,334.350708,204.486588,100.724281,115.85498
1/10/2020,327.968689,203.42662,100.148605,114.887543
1/13/2020,328.266907,202.680695,101.399223,114.393959
1/14/2020,330.384308,203.475708,102.153557,114.690117
1/15/2020,327.849396,205.88028,102.024521,113.801659
1/16/2020,330.036377,206.940231,102.600204,114.413704
1/17/2020,322.232819,208.049271,103.751564,113.485756
1/21/2020,311.516571,207.244492,103.801193,114.107681
1/22/2020,307.172424,207.519287,103.711861,114.611137
1/23/2020,315.910431,209.46257,102.252808,114.32486
1/24/2020,321.139313,207.323013,101.27018,112.903328
1/27/2020,314.727478,205.458237,99.493507,114.374222
1/28/2020,314.687714,206.488754,99.662247,115.104721
1/29/2020,320.115387,210.463654,99.096481,114.403831
1/30/2020,321.387817,212.171402,97.458786,115.084984
1/31/2020,316.387573,210.00238,95.582863,113.02179
2/3/2020,314.131012,211.189941,98.530739,112.804604
2/4/2020,316.05954,210.640335,100.625023,113.791779
2/5/2020,327.600861,210.394974,99.791283,115.312027
2/6/2020,339.410614,208.922775,99.523285,114.818443
2/7/2020,334.758301,207.686142,98.699478,114.95665
2/10/2020,342.63147,209.256485,99.275146,113.772041
2/11/2020,342.382935,211.729752,99.275146,113.92012
2/12/2020,345.39502,213.427673,102.232964,114.364342
2/13/2020,342.820007,213.388412,102.600204,115.93396
2/14/2020,340.48999,213.064514,102.768936,116.378189
2/18/2020,338.880005,212.141953,101.24041,118.095871
2/19/2020,338.299988,211.631607,101.696976,116.170876
2/20/2020,336.279999,211.091797,101.766464,116.180748
2/21/2020,330.380005,211.867126,99.503433,117.059341
2/24/2020,317.899994,209.56073,95.195763,114.828316
2/25/2020,304.140015,208.167068,92.208176,112.923065
2/26/2020,305.589996,206.204147,91.314873,112.320892
2/27/2020,287.76001,197.272888,87.890564,108.984238
2/28/2020,275.109985,191.762085,88.960518,106.299118
3/2/2020,289.269989,200.038162,92.245041,114.393959
3/3/2020,280.619995,197.035858,90.503242,111.462051
3/4/2020,283.119995,204.452728,93.349831,115.272545
3/5/2020,260.369995,195.860611,90.154892,114.433449
3/6/2020,262.329987,196.393921,87.945313,115.726654
3/9/2020,227.169998,184.54274,83.715256,115.657547
3/10/2020,231.009995,197.381516,87.88559,118.253822
3/11/2020,189.080002,185.915482,83.605774,112.962555
3/12/2020,154.839996,168.020218,73.851761,102.715675
3/13/2020,170.199997,174.933395,75.225296,112.636787
3/16/2020,129.610001,147.162109,66.476547,105.390915
3/17/2020,124.139999,145.789337,69.512222,117.730621
3/18/2020,101.889999,135.597336,67.72068,121.008041
3/19/2020,97.709999,147.646027,70.00988,118.439934
3/20/2020,95.010002,146.648575,67.133438,113.006279
3/23/2020,105.620003,135.399826,62.505268,113.313652
3/24/2020,127.68,159.941635,71.990547,114.057312
3/25/2020,158.729996,160.958862,78.639191,108.474922
3/26/2020,180.550003,165.274673,83.904366,108.891365
3/27/2020,162,161.976089,82.839394,108.653397
3/30/2020,152.279999,166.045013,84.979286,114.215958
3/31/2020,149.139999,163.299484,82.351677,112.659241
4/1/2020,130.699997,156.208527,78.858162,113.174835
4/2/2020,123.269997,159.497238,79.763885,117.646706
4/3/2020,124.519997,158.341736,78.489899,118.469688
4/6/2020,148.770004,174.844498,84.232811,125.00396
4/7/2020,141.580002,173.412491,83.765022,120.958458
4/8/2020,146.869995,175.28894,84.899673,120.809723
4/9/2020,151.839996,181.421906,86.382683,120.770065
4/13/2020,147.330002,177.886307,84.063614,124.240471
4/14/2020,141,181.708344,87.059486,127.90918
4/15/2020,145.979996,175.634583,84.640892,127.671211
4/16/2020,134.240005,177.274002,85.894974,131.211029
4/17/2020,154,183.792175,89.488037,131.002792
4/20/2020,143.610001,179.397339,87.487473,128.751999
4/21/2020,136.330002,175.377823,84.800133,128.117416
4/22/2020,134.970001,184.16745,88.353386,130.47728
4/23/2020,137.740005,179.782501,86.940048,127.443153
4/24/2020,128.979996,181.737961,87.955261,128.345459
4/27/2020,128.679993,183.584763,88.950569,127.215103
4/28/2020,131.300003,183.624252,88.383247,126.917641
4/29/2020,139,185.490829,87.65667,122.55484
4/30/2020,141.020004,185.234055,86.770844,120.522179
5/1/2020,133.369995,180.394821,85.138542,121.880592
5/4/2020,131.460007,179.614609,85.347557,122.653999
5/5/2020,125.400002,177.017227,86.790749,123.675293
5/6/2020,121.860001,174.775391,88.024933,122.257385
5/7/2020,128.649994,178.873901,88.144363,121.390945
5/8/2020,133.440002,178.982559,90.035454,122.436646
5/11/2020,128.910004,178.636887,90.503242,123.163658
5/12/2020,125.220001,174.350708,87.845779,123.273209
5/13/2020,121.5,170.676849,85.616287,123.203491
5/14/2020,122.519997,173.234726,86.143806,122.91468
5/15/2020,120,171.654556,86.581734,125.424362
5/18/2020,135.440002,177.599915,90.612732,127.137321
5/19/2020,130.440002,177.34314,91.080528,124.438416
5/20/2020,133.320007,181.816971,92.513771,124.936363
5/21/2020,139,182.784805,93.817619,124.478249
5/22/2020,137.529999,182.123123,93.310013,123.820953
5/26/2020,144.729996,182.547791,96.16655,123.352882
5/27/2020,149.520004,185.392075,99.401299,121.978531
5/28/2020,149.820007,186.389542,97.997902,123.183578
5/29/2020,145.850006,185.236298,98.362106,123.552055
6/1/2020,151.389999,186.319946,99.319977,123.452469
6/2/2020,153.309998,186.498901,100.517326,123.432556
6/3/2020,173.160004,192.165741,103.879875,122.964478
6/4/2020,184.300003,192.116043,101.056129,121.610046
6/5/2020,205.429993,196.013245,102.482971,121.062294
6/8/2020,230.5,201.471298,104.059479,120.743607
6/9/2020,216.740005,198.359512,102.403145,120.853157
6/10/2020,203.410004,194.661148,101.894279,120.66394
6/11/2020,170,186.419357,94.959633,119.598312
6/12/2020,189.509995,188.069717,96.21685,117.257935
6/15/2020,190.940002,188.387863,97.623734,117.59655
6/16/2020,197.770004,189.213028,98.821083,119.160118
6/17/2020,192.539993,189.680283,98.990707,118.542656
6/18/2020,192.289993,188.387863,98.232384,117.506912
6/19/2020,187.020004,185.474884,95.568291,119.359299
6/22/2020,188.520004,186.369659,99.290047,121.181808
6/23/2020,187.880005,185.534546,101.694717,120.574303
6/24/2020,176.690002,183.218094,99.858788,119.807457
6/25/2020,174.880005,181.696991,101.175873,119.219872
6/26/2020,170.009995,178.694565,93.462952,117.835564
6/29/2020,194.490005,181.736771,95.658096,118.572533
6/30/2020,183.300003,183.397049,97.833275,119.289581
7/1/2020,180.320007,183.585953,97.184708,119.199959
7/2/2020,180.809998,182.452576,98.212433,118.721916
7/6/2020,187.910004,187.40361,99.729073,118.403229
7/7/2020,178.880005,184.739197,96.855438,126.430222
7/8/2020,180.080002,184.769028,98.621521,123.930504
7/9/2020,173.279999,183.257858,96.775612,127.226952
7/10/2020,178.440002,183.804672,97.773399,130.144943
7/13/2020,175.649994,183.844437,96.246788,128.989716
7/14/2020,179.960007,189.610703,96.546127,131.469513
7/15/2020,187.940002,190.654587,98.322189,131.459549
7/16/2020,178.699997,189.809525,97.045021,131.658737
7/17/2020,175.660004,190.366272,96.067184,131.200623
7/20/2020,174.419998,190.495514,95.438576,130.931717
7/21/2020,178.630005,191.857544,98.142586,131.788208
7/22/2020,179.789993,197.464737,98.691376,132.116852
7/23/2020,176.449997,196.40097,98.082726,131.101028
7/24/2020,173.759995,197.564163,98.212433,130.702667
7/27/2020,170.210007,200.079453,96.995125,130.672791
7/28/2020,170.839996,195.098602,96.057205,131.220535
7/29/2020,166.009995,195.068771,96.755661,130.154922
7/30/2020,161.949997,194.273422,96.605988,129.58725
7/31/2020,158,193.149994,97.394249,128.870193
8/3/2020,162.270004,193.269287,98.112656,128.770615
8/4/2020,165.070007,198.200439,97.114868,131.101028
8/5/2020,174.279999,198.101013,100.716888,129.278519
8/6/2020,172.199997,201.998215,100.227966,128.820404
8/7/2020,170.020004,203.409973,101.63485,129.437866
8/10/2020,179.410004,202.932755,105.17701,131.340042
8/11/2020,180.130005,203.807632,104.88765,129.666916
8/12/2020,175.440002,204.821716,104.987427,131.350006
8/13/2020,174.729996,205.288971,106.284546,131.850006
8/14/2020,178.080002,205.825836,106.194748,132.600006
8/17/2020,172.009995,207.456284,105.426453,135.600006
8/18/2020,170.229996,209.096695,106.733559,134.710007
8/19/2020,169.270004,208.291397,108.150414,132.410004
8/20/2020,169.580002,208.659256,107.771255,130.570007
8/21/2020,167.5,210.339432,109.507408,131.630005
8/24/2020,178.270004,211.383316,111.582817,131.330002
8/25/2020,174.729996,211.413132,111.263519,130.630005
8/26/2020,171.899994,212.516678,111.283478,130.699997
8/27/2020,174.199997,210.955826,110.595001,136.630005
8/28/2020,175.800003,213.660004,112.290001,140.300003
8/31/2020,171.820007,213.520004,111.889999,138.850006
