Date,Walmart,Target,Costco,Citigroup,JPMorgan
2016/9/1,67.801102,63.338745,145.288498,44.576942,61.490227
2016/9/2,67.484619,63.545139,146.934738,44.718124,61.746395
2016/9/6,67.950027,62.907997,147.009155,44.511059,61.700638
2016/9/7,67.075058,63.087475,144.758347,44.689896,61.444477
2016/9/8,66.860962,62.333641,142.740067,44.981678,61.526817
2016/9/9,65.436821,61.92083,140.163742,44.398106,60.977879
2016/9/12,66.963364,62.190063,141.084534,44.981678,61.352989
2016/9/13,66.516563,61.867008,140.200974,44.1628,60.868099
2016/9/14,66.572403,61.202915,140.154449,44.002792,60.749161
2016/9/15,67.391541,62.109303,141.996002,44.3134,60.968727
2016/9/16,67.82901,62.127243,141.69838,43.68277,60.218513
2016/9/19,67.102974,61.822124,141.177551,43.852192,60.55703
2016/9/20,66.991287,61.579823,141.530975,43.80513,60.80405
2016/9/21,67.196075,62.342613,142.023895,44.143978,61.151722
2016/9/22,67.270531,61.525974,142.442413,44.341637,61.654903
2016/9/23,67.344994,61.714436,141.865784,44.379288,61.526817
2016/9/26,66.665497,60.32346,140.619492,43.193325,60.181919
2016/9/27,67.326385,61.283676,139.931213,43.645119,60.712563
2016/9/28,66.823738,60.861897,138.963928,44.115734,61.032772
2016/9/29,65.837067,60.772163,137.178146,43.108612,60.062984
2016/9/30,67.130905,61.633678,141.847168,44.454582,60.922993
2016/10/3,67.028511,61.633678,140.452057,44.266335,60.8498
2016/10/4,66.786507,61.60675,139.959091,44.944027,61.375072
2016/10/5,66.712044,60.7901,139.494049,45.791138,62.379578
2016/10/6,64.561829,61.39138,139.01973,46.186466,62.545452
2016/10/7,63.947506,61.956738,139.503387,46.384117,62.766621
2016/10/10,63.277317,61.7952,139.773102,46.638248,63.25502
2016/10/11,62.728127,61.37344,140.452057,46.111168,62.950916
2016/10/12,62.793274,60.897804,139.940536,45.838203,62.785046
2016/10/13,63.510021,60.924713,139.7173,45.621719,62.42564
2016/10/14,63.714783,61.12215,139.652191,45.753494,62.222904
2016/10/17,63.500706,60.341419,138.303589,45.744072,61.90036
2016/10/18,64.105751,60.449097,138.684906,46.111168,62.388775
2016/10/19,64.124344,60.601665,139.001114,46.572369,62.987793
2016/10/20,63.97541,60.76318,139.549881,46.666489,62.90485
2016/10/21,63.6124,61.229836,138.554703,46.657074,63.116806
2016/10/24,64.403603,61.256763,141.484467,46.666489,63.466999
2016/10/25,64.561829,60.978569,140.433472,46.6759,63.40247
2016/10/26,64.775917,61.552902,140.424149,47.07122,63.706577
2016/10/27,64.999336,60.682426,140.312531,46.995922,63.798759
2016/10/28,65.148254,61.768288,139.289444,46.647659,63.688148
2016/10/31,65.176178,61.678539,137.531601,46.261753,63.826397
2016/11/1,64.505997,60.826008,136.406174,46.064098,63.559139
2016/11/2,64.645615,61.256763,136.462189,45.687603,63.291908
2016/11/3,64.813164,59.829891,134.764206,45.508175,63.01543
2016/11/4,64.375679,59.704247,132.702408,45.489288,62.444088
2016/11/7,64.952782,60.601665,133.915237,47.047466,64.397758
2016/11/8,64.962097,60.170902,136.29422,47.132454,64.53598
2016/11/9,66.181465,61.750336,136.947311,48.718971,67.503372
2016/11/10,66.451408,63.302841,136.863342,50.626553,70.636635
2016/11/11,66.302483,64.029732,139.344986,49.889965,70.6735
2016/11/14,65.613678,65.314865,141.807938,51.637001,73.27227
2016/11/15,66.47934,64.65419,141.014954,52.364151,73.134026
2016/11/16,66.451408,68.808212,141.938568,51.589787,71.327789
2016/11/17,64.403603,68.898712,141.061569,52.364151,71.899155
2016/11/18,63.798565,68.953011,140.277924,52.373589,71.613472
2016/11/21,64.571159,69.242615,141.033615,52.449142,71.926811
2016/11/22,65.269257,70.473457,142.433014,52.977974,72.369133
2016/11/23,65.930138,71.025505,141.434814,53.535145,72.673256
2016/11/25,66.302483,71.143143,141.69603,53.620132,72.645622
2016/11/28,66.265236,70.337685,141.108261,52.383038,72.175613
2016/11/29,66.4328,70.962143,141.322815,52.43026,72.728539
2016/11/30,65.557823,69.903282,140.044678,53.251835,73.88047
2016/12/1,65.781219,70.4282,141.565399,54.082863,75.373398
2016/12/2,65.976685,70.536804,141.891907,52.902431,75.198288
2016/12/5,65.101707,69.667984,141.593399,54.092308,76.728065
2016/12/6,65.492661,69.477928,140.884338,54.696693,77.124336
2016/12/7,66.186394,69.658943,143.53389,55.773251,77.474525
2016/12/8,65.94265,70.446281,147.023132,56.802589,78.442139
2016/12/9,65.698906,70.03904,148.991653,56.698719,78.783104
2016/12/12,67.189507,69.450775,149.579407,56.235981,78.082748
2016/12/13,67.311378,70.292442,149.056961,56.462624,78.11039
2016/12/14,66.88015,69.858025,148.329254,56.141548,78.082748
2016/12/15,66.636383,69.667984,149.374161,56.878136,79.253098
2016/12/16,66.542641,69.459831,149.654053,56.424854,78.27626
2016/12/19,67.105133,69.722282,152.499542,56.339863,78.727829
2016/12/20,67.330124,70.274323,152.872711,57.41642,79.741508
2016/12/21,66.786377,69.803719,152.107681,57.369202,79.944267
2016/12/22,65.23954,66.735733,151.202759,57.123672,80.07328
2016/12/23,65.192673,66.518517,151.212067,57.595852,80.220718
2016/12/27,65.342667,66.699532,151.184097,57.690277,80.294456
2016/12/28,64.977043,65.91217,150.213791,56.698719,79.713867
2016/12/29,64.930168,65.722107,150.325745,56.075439,79.151733
2016/12/30,64.79892,65.369164,149.374161,56.122665,79.520355
2017/1/3,64.367691,65.839775,149.019623,57.218105,80.386604
2017/1/4,64.742668,66.799088,149.047607,57.992474,80.534874
2017/1/5,64.883293,65.667801,151.98642,56.982021,79.793556
2017/1/6,63.992695,64.65419,151.911789,57.180328,79.802826
2017/1/9,64.414558,64.645142,150.176498,56.868702,79.858414
2017/1/10,63.964573,64.645142,150.820251,56.878136,80.090088
2017/1/11,64.245811,64.808044,150.708282,56.623161,80.69239
2017/1/12,63.72081,64.482246,151.016159,55.933792,79.914001
2017/1/13,62.933331,63.522938,151.006821,56.311535,80.340263
2017/1/17,64.142677,64.201706,152.826065,55.131088,77.421349
2017/1/18,63.85207,60.500191,153.255219,54.196186,77.78273
2017/1/19,63.392689,59.17886,152.723434,53.506813,77.189682
2017/1/20,62.980206,58.011387,153.227219,52.987423,77.532539
2017/1/23,62.483341,57.785141,152.079681,52.581352,77.569611
2017/1/24,63.186455,58.291954,152.69545,53.582359,78.505524
2017/1/25,62.708328,58.825912,153.133926,54.479492,79.719406
2017/1/26,62.558338,58.074749,153.068634,54.167854,80.386604
2017/1/27,61.555229,57.649391,151.193405,53.931774,80.553406
2017/1/30,62.267715,58.029499,152.303619,53.459595,79.719406
2017/1/31,62.567703,58.355301,152.956665,52.723003,78.422119
2017/2/1,62.089592,57.622234,151.006821,52.930759,78.718643
2017/2/2,62.530193,57.631298,156.875031,53.015991,78.385033
2017/2/3,62.342709,57.694641,157.033676,54.701752,80.785072
2017/2/6,62.24897,57.395985,155.83017,54.5881,80.405128
2017/2/7,62.708328,57.531734,156.287292,54.16193,80.35881
2017/2/8,63.570812,58.617756,157.550156,53.337994,79.654556
2017/2/9,64.761421,60.101982,159.926254,54.228222,80.803596
2017/2/10,63.767673,59.486568,160.899124,54.578625,80.618263
2017/2/13,63.53331,59.194298,160.861725,55.828743,81.683922
2017/2/14,64.367691,59.961514,162.42395,56.662144,82.990486
2017/2/15,64.395805,60.052841,163.705505,57.296669,83.944923
2017/2/16,64.564552,59.550495,164.407074,57.183025,83.889328
2017/2/17,65.033295,60.089382,164.509995,56.984138,83.611351
2017/2/21,66.983253,60.472988,165.520294,57.344017,84.334129
2017/2/22,67.227005,60.226379,165.118042,57.410316,84.380447
2017/2/23,66.852013,59.349575,164.500671,57.410316,84.44532
2017/2/24,67.86451,60.746994,166.100266,56.406445,83.70401
2017/2/27,67.255127,61.112339,166.156387,56.842087,83.796661
2017/2/28,66.495773,53.677654,165.744781,56.643208,83.97274
2017/3/1,66.045769,52.819111,166.380905,58.281601,86.734138
2017/3/2,66.336403,52.928711,166.493179,57.419792,85.381233
2017/3/3,65.652031,52.380688,159.271408,57.770199,85.992821
2017/3/6,65.511406,51.23901,155.969269,57.088322,85.177376
2017/3/7,65.502045,50.36219,156.221817,57.296669,84.704788
2017/3/8,65.917564,50.252586,155.510849,57.874371,84.519455
2017/3/9,65.97422,50.416992,155.071213,58.29108,84.853027
2017/3/10,66.200882,50.563126,154.697006,58.234257,84.58432
2017/3/13,66.059227,50.407856,153.929916,58.272137,84.65844
2017/3/14,66.786385,50.005989,154.575424,58.186897,84.79744
2017/3/15,66.654175,49.841576,155.791504,57.618668,85.001312
2017/3/16,66.521957,49.859844,156.277924,57.912258,84.917915
2017/3/17,66.002556,49.585842,156.979553,57.173557,84.028328
2017/3/20,66.087547,49.658905,156.633423,56.43486,83.426003
2017/3/21,66.011986,48.763817,156.016022,54.966923,80.97966
2017/3/22,66.342537,48.937363,156.857925,54.71122,81.109383
2017/3/23,65.97422,48.535488,156.128296,54.976391,80.97966
2017/3/24,65.738121,48.51722,155.305084,54.995331,80.887001
2017/3/27,65.785355,48.709023,155.426666,55.241566,80.840652
2017/3/28,66.408638,48.95562,156.006653,56.273853,82.100899
2017/3/29,66.805267,50.371319,156.624054,56.245445,81.795105
2017/3/30,67.607994,50.462658,157.054352,57.306137,82.499359
2017/3/31,68.070732,50.407856,156.867264,56.652672,81.396629
2017/4/3,67.834633,49.348373,155.941177,56.520092,81.100128
2017/4/4,68.004639,48.800362,156.455673,56.520092,81.370399
2017/4/5,67.664665,48.179276,156.221817,56.43486,80.789238
2017/4/6,67.456886,48.928226,159.046921,56.718975,81.061081
2017/4/7,68.845131,48.626823,159.60817,56.283329,80.779869
2017/4/10,68.996239,49.129166,160.169464,56.141266,80.498657
2017/4/11,69.34565,49.056099,159.617538,55.904507,80.35807
2017/4/12,69.355103,48.772964,159.187195,55.412037,80.048744
2017/4/13,69.081223,48.763817,157.943039,54.966923,79.111412
2017/4/17,69.402313,49.028698,158.747559,55.866623,80.479919
2017/4/18,69.780067,48.95562,159.149796,55.326801,79.823807
2017/4/19,69.95005,49.220509,159.084335,54.673332,79.167641
2017/4/20,70.639442,49.905514,159.168503,55.317333,80.189354
2017/4/21,70.771667,50.033386,159.748505,54.663868,79.2239
2017/4/24,70.62056,50.06992,161.207825,56.292793,82.017151
2017/4/25,70.875542,50.371319,161.535248,57.022026,82.729538
2017/4/26,71.234413,51.12941,165.389313,56.91785,82.888893
2017/4/27,71.243858,51.229874,165.997375,56.395584,82.120255
2017/4/28,70.998299,51.010674,166.062851,56.139191,81.548485
2017/5/1,71.045525,50.937607,166.380905,56.462051,81.604721
2017/5/2,71.319389,51.293808,167.063797,56.699444,81.079811
2017/5/3,71.546051,52.371559,168.214401,57.202724,81.548485
2017/5/4,72.093788,52.325897,170.674683,57.174236,81.642235
2017/5/5,72.244896,52.353294,168.569901,57.202724,81.548485
2017/5/8,71.886047,52.335026,168.024841,57.449615,81.642235
2017/5/9,72.452652,53.04744,168.063812,57.19323,81.314156
2017/5/10,72.918488,53.348854,167.253632,57.326172,81.951553
2017/5/11,72.376602,51.20248,167.165771,57.63953,81.698463
2017/5/12,71.977318,50.965004,166.794876,57.990875,81.473495
2017/5/15,72.528709,51.103493,167.468384,58.323235,81.867172
2017/5/16,71.406891,50.346409,166.912003,59.339279,82.120255
2017/5/17,71.416397,50.81728,165.106216,56.95583,78.989571
2017/5/18,73.717079,51.546669,166.638687,57.050789,78.698982
2017/5/19,74.886436,51.694397,167.536682,58.01936,79.46759
2017/5/22,74.677292,51.205051,168.278534,57.98138,79.392609
2017/5/23,74.620239,50.309475,168.346848,58.598606,80.386185
2017/5/24,74.297005,49.9771,168.873947,59.130379,80.339325
2017/5/25,74.449112,50.041721,170.552811,58.826508,80.001884
2017/5/26,74.277977,50.226376,173.607986,58.940456,80.011261
2017/5/30,74.297005,50.724949,174.642654,58.532143,78.642731
2017/5/31,74.724831,50.918835,176.116547,57.487602,77.002388
2017/6/1,75.87516,51.389713,176.311813,58.000378,77.855377
2017/6/2,75.694534,51.260452,176.643677,58.028858,77.461693
2017/6/5,76.302979,51.362011,177.727127,58.161804,77.60228
2017/6/6,75.038544,50.39257,177.112198,57.933903,77.761635
2017/6/7,75.247711,50.291008,177.844269,58.760033,78.652115
2017/6/8,75.038544,50.438728,177.073151,60.02298,79.626953
2017/6/9,75.504395,52.534576,176.067764,61.200451,81.510986
2017/6/12,75.33326,53.430157,175.345459,61.077011,81.529747
2017/6/13,75.599457,52.977753,176.194641,61.428368,81.801559
2017/6/14,75.960732,53.420925,177.326904,61.456844,81.632851
2017/6/15,75.019531,51.205051,175.755402,60.868107,81.145439
2017/6/16,71.530479,48.573711,163.114975,60.66869,80.779869
2017/6/19,71.777657,47.742756,160.411209,61.228954,82.551437
2017/6/20,71.815681,47.004131,159.00563,60.687683,82.035889
2017/6/21,72.481186,46.644058,159.249649,60.611725,81.66098
2017/6/22,71.796661,46.745617,155.969986,60.412312,81.567238
2017/6/23,71.150192,46.865639,153.373581,60.212891,81.417267
2017/6/26,71.777657,47.530407,156.370163,60.564243,81.773453
2017/6/27,72.26252,48.075138,155.452652,60.991547,82.532692
2017/6/28,72.737877,48.065907,156.340881,61.89365,84.191795
2017/6/29,72.186455,48.093605,154.886536,63.602905,85.438454
2017/6/30,71.948776,48.278263,156.106644,63.507935,85.672791
2017/7/3,71.644569,48.610641,155.023193,64.818367,87.416397
2017/7/5,71.606537,48.158234,154.242294,64.998787,88.292915
2017/7/6,71.74913,47.493469,153.334534,64.220131,88.010162
2017/7/7,71.616035,47.151863,150.425781,64.486015,88.45314
2017/7/10,69.619576,46.330143,147.390121,64.239105,87.831093
2017/7/11,69.847755,46.542496,147.497498,63.450962,87.491798
2017/7/12,70.294571,46.967209,148.122177,63.545921,87.190193
2017/7/13,71.349838,49.220009,149.927979,63.640873,87.746262
2017/7/14,72.576241,49.146145,149.342316,63.356007,86.945152
2017/7/17,72.604767,49.607777,149.186127,63.460457,86.134605
2017/7/18,72.443146,49.607777,147.878189,63.517426,85.833008
2017/7/19,72.129417,49.949394,147.62439,63.337017,85.955536
2017/7/20,72.272003,50.39257,147.380356,63.014164,85.955536
2017/7/21,72.395607,50.632622,146.843506,62.672306,85.663345
2017/7/24,73.099129,49.903229,147.390121,62.767273,86.03093
2017/7/25,74.648758,50.872669,149.50827,64.599945,87.463516
2017/7/26,75.01004,50.743416,148.454071,64.552475,86.643547
2017/7/27,75.846649,51.749786,148.873779,64.191628,86.2854
2017/7/28,75.87516,51.805183,149.234955,64.030212,86.03093
2017/7/31,76.046288,52.32222,154.720596,64.998787,86.521027
2017/8/1,76.531151,52.497643,155.901642,66.090797,87.680298
2017/8/2,76.559654,52.442245,157.424347,65.919868,87.755692
2017/8/3,76.882904,52.663834,154.134933,64.994522,87.180771
2017/8/4,76.512131,53.162411,152.700073,65.805389,88.274063
2017/8/7,77.27269,53.439392,153.197906,65.86264,88.613365
2017/8/8,77.567413,54.23341,153.978775,65.709999,88.292915
2017/8/9,78.074448,53.430157,153.110031,65.280716,88.151535
2017/8/10,77.165596,51.37125,152.895294,64.126396,86.888603
2017/8/11,76.91687,51.380486,152.90506,63.725735,86.162872
2017/8/14,77.203857,52.090076,154.134933,64.765564,87.171341
2017/8/15,77.270836,50.745575,153.129578,64.841881,87.397568
2017/8/16,77.471725,52.575588,156.439285,64.593842,86.794342
2017/8/17,76.247185,52.398193,155.274063,63.53492,85.437157
2017/8/18,75.874084,51.959366,153.814987,63.515858,85.52198
2017/8/21,76.256752,52.809013,153.805191,62.914833,85.418312
2017/8/22,76.553322,52.790333,155.401321,63.773418,86.29483
2017/8/23,76.495911,52.715641,156.057404,64.135941,86.398491
2017/8/24,74.946106,50.614861,148.184509,64.574768,86.257126
2017/8/25,75.223541,51.361801,149.28125,64.727409,86.60585
2017/8/28,74.649521,50.829609,149.379166,64.68924,86.332527
2017/8/29,75.357475,50.932308,150.368195,64.374443,85.861275
2017/8/30,75.137428,50.717567,151.229889,64.880035,86.059196
2017/8/31,74.687798,50.913639,153.482086,64.899109,85.663345
2017/9/1,74.974815,52.491558,154.950897,65.423813,86.426773
2017/9/5,76.34285,53.546612,155.832199,64.069168,84.362709
2017/9/6,76.610725,54.172184,155.557999,64.221786,84.928207
2017/9/7,76.648994,54.545654,155.969284,63.019783,83.439072
2017/9/8,75.462715,53.471924,154.040222,63.124714,83.335396
2017/9/11,75.654045,53.490597,154.089203,64.593842,84.626617
2017/9/12,76.161095,54.0508,156.71347,65.624138,85.663345
2017/9/13,76.400253,55.56337,159.602158,66.196533,85.908401
2017/9/14,76.228058,55.52602,158.995056,66.053436,85.738754
2017/9/15,76.89772,55.983521,158.926529,65.86264,86.351387
2017/9/18,76.534187,55.171223,157.565414,67.350838,87.57663
2017/9/19,76.582031,55.413986,158.201874,67.875526,88.537964
2017/9/20,77.012535,55.329952,159.465103,68.171257,89.160004
2017/9/21,76.543755,54.461632,158.12355,68.457458,89.565292
2017/9/22,76.084541,55.077862,157.937485,68.114029,89.376778
2017/9/25,75.721031,54.66703,158.955872,67.579796,88.707626
2017/9/26,75.950615,54.704388,160.659744,67.675186,88.311768
2017/9/27,75.854958,54.965805,161.002426,68.953514,89.706657
2017/9/28,75.529671,55.003159,160.493225,69.306503,89.895142
2017/9/29,74.754768,55.096527,160.875092,69.392349,90.017685
2017/10/2,75.051331,54.984482,162.441879,70.40358,91.271202
2017/10/3,75.787979,54.695049,161.648727,70.718384,91.751877
2017/10/4,75.663612,54.769737,161.776016,70.651604,90.81881
2017/10/5,75.969765,54.508312,163.597366,72.235207,92.041725
2017/10/6,75.577507,53.331867,153.824783,72.15889,91.880562
2017/10/9,77.041229,52.519569,151.396347,71.920403,91.397087
2017/10/10,80.485275,53.780045,153.609344,71.720062,92.079643
2017/10/11,82.015953,55.227245,154.588577,71.491104,91.804726
2017/10/12,82.369934,56.198269,153.952087,69.039383,90.998917
2017/10/13,82.867401,56.814503,156.527451,68.791351,90.875679
2017/10/16,82.025513,56.160927,155.509048,68.466995,92.752731
2017/10/17,82.255119,56.1796,155.087967,68.867661,92.544174
2017/10/18,82.484726,56.048878,154.275223,69.754868,92.894913
2017/10/19,82.656914,56.422359,155.166306,69.525909,93.008698
2017/10/20,83.651863,57.66415,157.428299,70.145996,94.335892
2017/10/23,84.809448,58.429771,158.671906,70.145996,94.174744
2017/10/24,84.168472,58.756561,158.916687,70.823318,95.672577
2017/10/25,84.646812,57.813545,158.808975,70.231865,95.767372
2017/10/26,84.780754,57.897575,159.083191,70.394035,96.449951
2017/10/27,84.35025,56.26363,159.004837,70.47036,96.478386
2017/10/30,83.183098,55.600712,156.899521,70.384491,96.1371
2017/10/31,83.527496,55.124538,157.731857,70.117378,95.378708
2017/11/1,84.130219,54.956478,159.308411,70.622986,95.672577
2017/11/2,84.95295,55.824799,161.521423,71.300316,96.307732
2017/11/3,85.79483,55.423321,162.980453,70.945831,96.1371
2017/11/6,84.857277,55.35796,161.619354,70.706306,95.539864
2017/11/7,85.096443,54.0508,162.823776,69.661995,93.61541
2017/11/8,86.349709,54.498974,165.536194,69.307503,92.563126
2017/11/9,86.387978,55.927505,165.594955,69.393738,92.553635
2017/11/10,86.981102,57.328026,167.798187,69.221283,92.439888
2017/11/13,87.048073,56.394348,167.896103,68.972168,92.77169
2017/11/14,87.143738,56.686787,167.876495,68.531448,92.212357
2017/11/15,85.938339,51.092636,165.487228,68.723091,93.084541
2017/11/16,95.304207,51.979397,167.922882,68.665596,93.349968
2017/11/17,93.247353,54.847229,167.922882,68.339844,93.037132
2017/11/20,93.256912,54.601955,169.199646,69.029671,93.861893
2017/11/21,92.338493,54.007633,170.31926,69.345833,93.786064
2017/11/22,92.233261,54.234043,169.396103,69.230858,93.511124
2017/11/24,92.434166,52.715225,168.551437,69.000923,93.207771
2017/11/27,92.434166,52.677486,169.523773,68.397331,92.838043
2017/11/28,92.577667,53.413315,170.545151,70.610497,96.089699
2017/11/29,93.333435,58.186741,174.355774,71.894318,98.336487
2017/11/30,93.017738,56.507549,181.132431,72.335037,99.085396
2017/12/1,93.132538,56.139633,181.819901,72.344627,99.341354
2017/12/4,92.807274,59.016903,186.17067,73.867958,101.389053
2017/12/5,93.591751,58.677292,184.461792,73.331436,100.223007
2017/12/6,93.065575,57.281109,183.872513,72.277557,99.474083
2017/12/7,93.075195,57.63015,182.870758,71.83683,99.180199
2017/12/8,92.853996,57.894295,184.707352,72.536232,100.422089
2017/12/11,93.219444,58.262203,185.483215,72.670357,100.128204
2017/12/12,92.998238,57.564117,184.933212,72.957802,101.294235
2017/12/13,94.017685,59.120663,184.913574,71.990128,100.023926
2017/12/14,93.411797,58.432014,183.194855,70.821266,99.218117
2017/12/15,93.392555,59.064072,189.283997,71.635635,100.621155
2017/12/18,94.152321,60.450813,188.871536,72.49791,101.398529
2017/12/19,95.017868,60.431942,184.962662,71.568573,100.971924
2017/12/20,94.96978,60.828163,184.157318,71.530251,100.621155
2017/12/21,94.306183,61.526257,183.460083,72.641632,102.223297
2017/12/22,94.450447,61.686623,183.293091,72.325455,101.863037
2017/12/26,95.364098,62.092274,183.214523,71.645218,101.455406
2017/12/27,95.460251,61.450771,182.968994,71.75061,101.645012
2017/12/28,95.594894,61.148895,183.283264,71.932655,102.185371
2017/12/29,94.96978,61.554554,182.792206,71.290741,101.379578
2018/1/2,94.815887,63.799767,184.952881,71.242813,102.337044
2018/1/3,95.642982,63.365807,187.172455,71.463181,102.441338
2018/1/4,95.729538,62.120567,185.718918,72.344627,103.908867
2018/1/5,96.296959,62.780933,184.393066,72.24881,103.241798
2018/1/8,97.720291,63.375233,185.110001,71.405701,103.394272
2018/1/9,96.547005,65.224236,182.959167,72.153,103.918404
2018/1/10,95.854553,66.72419,182.104691,72.478752,105.06192
2018/1/11,96.191147,69.808998,185.993912,72.392509,105.624161
2018/1/12,97.008621,72.450409,188.409912,73.618851,107.368042
2018/1/16,96.835518,70.714622,188.105469,73.877541,106.98687
2018/1/17,98.76857,72.469276,188.851883,74.22245,107.672989
2018/1/18,100.30732,73.488106,188.085815,74.145805,107.93029
2018/1/19,100.58622,73.676781,188.851883,75.01767,107.692047
2018/1/22,101.413292,74.129601,190.904526,75.295502,108.949944
2018/1/23,101.846069,73.695648,189.96167,75.257179,108.835579
2018/1/24,101.74028,72.535309,190.767014,76.119438,110.226868
2018/1/25,102.519272,71.978745,194.41066,76.109879,110.255455
2018/1/26,104.240753,72.591911,195.353546,76.723038,110.846291
2018/1/29,105.356346,72.450409,194.774078,76.60807,110.731934
2018/1/30,103.606026,70.846687,194.371414,75.324249,109.69323
2018/1/31,102.519272,70.959892,191.385757,75.190117,110.226868
2018/2/1,101.480614,70.724052,190.010803,75.879921,111.370407
2018/2/2,100.480431,68.818459,187.575134,74.090675,108.902283
2018/2/5,96.258484,66.761909,179.502106,70.483299,103.680161
2018/2/6,97.037468,68.592049,181.702042,71.974358,106.834404
2018/2/7,98.912827,69.101463,179.914581,72.137878,107.55864
2018/2/8,96.191147,67.082664,175.416458,69.136559,102.803452
2018/2/9,95.56604,68.346779,177.488754,70.877693,104.861809
2018/2/12,95.739159,67.809059,177.822678,71.916634,106.481804
2018/2/13,97.11441,69.695778,180.857407,72.320663,107.139343
2018/2/14,97.806839,71.082527,184.000183,73.792458,109.616997
2018/2/15,99.27829,71.733459,188.559586,74.148399,110.074402
2018/2/16,100.768944,71.412704,188.638382,73.898285,109.28347
2018/2/20,90.507408,69.301155,185.250824,73.551971,109.31205
2018/2/21,88.016548,69.396263,182.916977,74.071426,109.769463
2018/2/22,89.218689,71.365158,183.744171,73.369194,109.569351
2018/2/23,89.334091,71.726593,186.915039,74.148399,111.789703
2018/2/26,89.555305,73.143814,189.869324,74.696716,113.181
2018/2/27,88.016548,71.878777,187.200653,73.475014,111.837341
2018/2/28,86.564362,71.726593,187.988434,72.618866,110.06488
2018/3/1,85.669952,70.509109,186.146973,70.858475,108.092293
2018/3/2,85.371819,71.479294,186.442383,70.877693,107.987457
2018/3/5,86.535507,71.469772,188.559586,71.589561,109.645584
2018/3/6,85.650719,68.283401,188.539902,71.243248,109.740883
2018/3/7,84.381248,67.940987,184.502441,71.108574,109.331116
2018/3/8,85.058472,66.343056,182.85791,71.291359,109.340645
2018/3/9,85.832436,67.046906,185.703812,73.215279,112.485352
2018/3/12,85.20359,67.218109,186.481766,73.1287,112.123238
2018/3/13,85.426094,67.693687,184.600906,72.060928,110.779579
2018/3/14,84.816605,67.199097,181.814072,70.67569,109.540756
2018/3/15,84.661819,67.180077,182.680649,70.550629,109.817108
2018/3/16,86.267784,67.522484,183.035156,70.67569,110.007698
2018/3/19,84.60376,66.904228,181.34137,69.934982,109.140518
2018/3/20,85.087479,68.064651,184.492554,70.146622,109.245338
2018/3/21,85.310005,66.714012,183.232101,70.531395,109.340645
2018/3/22,84.303856,65.525055,179.854416,67.63588,104.776047
2018/3/23,82.639839,64.564384,178.081848,65.317543,101.974388
2018/3/26,84.65213,66.847168,184.364548,67.126038,105.119095
2018/3/27,83.249336,65.163628,180.356644,65.683083,103.079803
2018/3/28,84.913345,65.800903,180.809631,65.663857,102.917809
2018/3/29,86.074295,66.038681,185.556107,64.932747,104.795105
2018/4/2,82.76561,65.610672,179.962738,65.134758,102.774864
2018/4/3,83.974922,66.133797,179.824875,65.875481,104.185219
2018/4/4,84.381248,68.349991,182.690491,66.673912,105.767105
2018/4/5,84.952049,68.901672,183.409363,67.549309,107.155869
2018/4/6,83.8685,68.758995,181.154282,65.990921,104.483673
2018/4/9,83.47184,67.988556,181.597427,66.798973,105.738365
2018/4/10,83.636307,69.234566,180.750519,67.82827,107.75927
2018/4/11,83.113892,69.2631,181.83374,67.23185,105.949081
2018/4/12,82.649506,68.892151,185.940186,69.386658,108.582962
2018/4/13,83.220291,68.026596,186.028809,68.309258,105.642593
2018/4/16,84.013603,68.483147,191.61232,67.405014,105.556396
2018/4/17,85.039116,68.911179,193.010651,67.087555,105.556396
2018/4/18,84.719856,68.987267,193.512848,66.356461,104.703964
2018/4/19,85.029442,67.512985,192.094833,67.60701,107.002632
2018/4/20,84.149071,66.885216,190.60788,67.337677,106.763176
2018/4/23,83.297714,67.484436,190.401077,66.837456,106.245995
2018/4/24,83.713707,67.084953,189.573883,66.491142,105.747948
2018/4/25,84.332863,67.665161,191.011612,66.722015,105.34568
2018/4/26,85.07782,68.369019,192.281937,66.548866,105.451035
2018/4/27,84.448975,69.291634,193.581802,66.366089,104.780594
2018/4/30,85.580887,69.053848,194.152985,65.673462,104.186775
2018/5/1,84.565079,67.598579,193.552246,65.654228,104.186775
2018/5/2,83.529892,67.960014,191.041153,65.404114,103.363075
2018/5/3,83.423477,67.674675,190.066238,65.35601,102.7118
2018/5/4,84.68116,67.579559,192.212997,65.665298,103.851547
2018/5/7,82.688194,65.943573,190.115479,66.206566,104.751862
2018/5/8,82.949409,66.029175,191.513824,68.622856,106.303459
2018/5/9,80.356651,66.514259,193.050034,69.541039,108.621269
2018/5/10,80.502686,66.809128,193.030289,70.140289,109.464119
2018/5/11,81.174416,66.818634,193.336441,70.420586,109.052269
2018/5/14,82.157707,69.339188,193.454971,70.188614,109.090584
2018/5/15,82.284264,70.106636,193.059891,70.246605,108.257301
2018/5/16,83.851677,72.169174,196.249954,69.541039,108.554222
2018/5/17,82.255058,72.744759,197.128922,69.164093,108.190269
2018/5/18,81.427551,72.850281,196.496857,67.617676,106.437538
2018/5/21,82.274536,73.742447,197.148666,68.071938,107.414474
2018/5/22,81.164688,72.399399,196.506699,68.70018,108.238152
2018/5/23,80.814209,68.274345,195.686996,67.88829,107.740112
2018/5/24,80.65844,68.053711,196.427704,66.989433,106.533318
2018/5/25,80.278755,68.312721,195.904266,66.148567,105.987404
2018/5/29,80.220352,68.782791,194.304321,63.509972,101.457115
2018/5/30,81.894852,70.480766,197.168411,64.447487,103.774933
2018/5/31,80.356651,69.92437,195.785751,64.457161,102.491508
2018/6/1,80.794731,69.838036,194.689514,65.027397,103.822815
2018/6/4,83.160461,73.243599,196.161057,65.085396,103.870705
2018/6/5,82.38163,75.306129,195.390701,64.524811,103.286461
2018/6/6,82.323212,74.73053,195.212921,65.945595,105.70005
2018/6/7,82.702888,75.162224,200.062134,66.158234,106.121475
2018/6/8,82.128494,74.84565,201.237396,66.177559,106.418388
2018/6/11,82.070084,75.843338,201.968246,65.829613,106.150208
2018/6/12,81.875374,75.852936,202.343552,65.346352,105.537239
2018/6/13,81.865646,74.84565,201.583084,65.037071,105.32653
2018/6/14,81.573578,74.078209,202.580551,63.944897,103.468445
2018/6/15,81.485954,74.106979,204.753342,64.118866,103.343925
2018/6/18,80.804474,73.982269,203.657089,64.515152,103.612099
2018/6/19,81.398346,73.454651,204.960739,64.544136,103.008713
2018/6/20,81.398346,72.322655,205.405151,65.124046,102.99913
2018/6/21,81.982468,73.042137,207.360657,65.365669,102.970398
2018/6/22,82.576332,72.94622,208.486542,64.950066,101.284706
2018/6/25,84.182693,73.713654,209.12851,63.548626,100.36525
2018/6/26,83.70565,73.224419,207.489059,64.089882,100.432289
2018/6/27,84.591583,73.742447,207.429779,63.268337,98.880699
2018/6/28,83.588814,72.524117,206.126144,64.640785,100.499336
2018/6/29,83.384384,73.022964,206.392792,64.679451,99.800148
2018/7/2,81.778023,72.687195,205.415054,64.911423,100.643005
2018/7/3,82.20639,73.512199,204.555801,63.848248,99.235077
2018/7/5,82.332947,73.435463,206.550812,64.331505,99.880272
2018/7/6,82.274536,73.665695,207.024857,64.89209,100.20768
2018/7/9,83.656975,74.596237,208.328522,66.631828,103.308464
2018/7/10,84.903099,75.114258,209.079102,65.945595,102.672913
2018/7/11,84.241096,74.423553,208.338394,65.636307,102.451424
2018/7/12,84.231354,73.387497,211.370407,66.216225,102.894394
2018/7/13,85.380142,74.557854,213.859177,64.756775,102.422546
2018/7/16,85.321732,74.068611,212.19014,67.134415,106.486313
2018/7/17,85.857193,74.126167,212.338257,67.028099,106.409279
2018/7/18,85.740364,73.723251,212.308609,67.511353,107.401138
2018/7/19,85.39962,75.267754,214.846802,66.680153,105.821846
2018/7/20,85.730637,74.596237,215.982574,66.902443,107.160393
2018/7/23,85.311996,75.488396,216.130707,67.859306,109.153763
2018/7/24,85.63327,76.131134,215.873947,68.690514,109.924156
2018/7/25,85.574867,76.735497,217.967682,69.318741,110.916031
2018/7/26,85.896133,76.610794,218.975067,68.951462,110.598236
2018/7/27,85.798775,76.869804,216.930695,69.289749,111.73455
2018/7/30,86.528938,77.905861,216.3974,69.869667,112.408646
2018/7/31,86.869682,77.397423,216.002335,69.483055,110.694534
2018/8/1,85.905861,75.737808,214.44191,69.521713,111.37825
2018/8/2,86.412117,77.474182,218.382492,69.434723,111.850113
2018/8/3,87.229889,78.136101,219.281219,70.407341,112.75531
2018/8/6,87.298027,78.289589,219.962677,70.417068,112.784203
2018/8/7,87.395393,78.893959,221.088577,70.426796,113.198288
2018/8/8,87.667984,79.037849,221.799652,70.893654,113.429405
2018/8/9,87.158798,79.258499,215.538162,70.008568,112.553078
2018/8/10,88.304459,79.344833,217.58252,68.335678,111.445663
2018/8/13,87.775696,78.721283,216.841797,67.265808,109.673767
2018/8/14,88.960533,79.939514,219.251602,68.092529,110.405647
2018/8/15,88.343636,78.015472,218.92569,66.769775,109.490814
2018/8/16,96.588524,79.349739,220.426849,67.654846,110.521194
2018/8/17,95.814949,80.287575,222.886047,67.761833,110.521194
2018/8/20,94.003418,80.558304,224.535385,68.598282,110.376755
2018/8/21,94.081772,80.509964,225.710617,69.288834,111.050827
2018/8/22,93.68029,83.091469,226.37233,69.172127,110.713799
2018/8/23,93.200478,83.835938,226.668625,68.870605,110.482689
2018/8/24,92.97525,84.416054,228.416718,68.734444,110.434525
2018/8/27,92.573792,83.729584,227.182175,70.407341,112.389381
2018/8/28,94.071976,83.826263,227.409332,70.397614,111.840477
2018/8/29,93.650917,84.725433,227.340195,70.543503,111.474548
2018/8/30,94.101341,84.416054,228.538177,69.502808,110.925659
2018/8/31,93.866333,84.599747,230.815353,69.288834,110.338234
2018/9/4,93.37674,86.001678,232.349976,69.444458,110.887138
2018/9/5,94.610535,85.6633,233.270737,69.220741,110.347855
2018/9/6,94.444069,85.934013,234.330109,68.189781,109.875999
2018/9/7,93.83696,85.798645,239.062668,67.732651,110.087852
2018/9/10,94.884712,86.301422,240.765549,67.722923,109.500443
2018/9/11,94.630112,85.856667,241.785355,67.528412,110.193787
2018/9/12,93.974045,85.711639,240.032928,68.578842,108.893761
2018/9/13,93.141731,85.160538,238.874527,68.228691,109.317474
2018/9/14,92.622749,85.025177,233.043015,68.608017,109.29821
2018/9/17,92.847969,84.387047,229.696564,68.938698,109.625633
2018/9/18,93.445274,84.773781,232.023239,69.405556,110.068596
2018/9/19,93.259232,84.271027,231.528198,71.700912,113.265701
2018/9/20,93.758621,84.483727,231.597504,72.741615,114.238289
2018/9/21,93.90551,84.416054,232.429169,72.119133,113.487175
2018/9/24,92.945877,84.348366,231.023254,71.817619,112.39901
2018/9/25,93.122147,84.416054,230.61734,71.496666,112.08123
2018/9/26,92.622749,84.976822,231.488586,70.465691,110.761948
2018/9/27,92.17231,84.609428,231.676727,70.952003,110.280449
2018/9/28,91.956902,85.286224,232.548004,69.775139,108.662643
2018/10/1,92.436699,85.537605,232.320251,69.959938,109.29821
2018/10/2,93.171104,83.748924,234.003387,69.833496,109.750809
2018/10/3,92.113564,83.120468,230.884659,70.378166,110.781204
2018/10/4,92.250648,82.027916,229.37973,70.631042,111.780014
2018/10/5,91.36937,81.718529,216.647446,70.436523,111.149696
2018/10/8,92.72068,82.569351,221.706696,70.601852,111.828499
2018/10/9,95.060959,82.820747,221.944305,69.921036,111.052719
2018/10/10,93.768417,82.375984,218.855286,68.034164,108.09507
2018/10/11,91.96669,80.055542,219.617661,66.507172,104.856186
2018/10/12,92.838165,81.80555,224.696701,67.927177,103.711914
2018/10/15,91.868767,81.795876,222.28093,67.31443,103.120377
2018/10/16,93.817375,82.965775,225.419464,67.800735,105.331352
2018/10/17,94.551781,81.621841,226.221436,67.927177,106.504723
2018/10/18,94.169891,80.596977,226.310547,66.740593,104.817398
2018/10/19,95.129509,79.301392,227.389709,66.974022,104.642845
2018/10/22,95.119713,80.471291,226.785767,64.76619,103.139786
2018/10/23,95.765991,79.929848,226.478851,63.929752,102.063393
2018/10/24,95.530983,79.543098,221.538376,62.052601,100.162727
2018/10/25,97.117294,81.051407,224.152176,63.190563,101.685204
2018/10/26,96.882286,79.224045,216.023682,62.451382,100.288788
2018/10/29,97.724396,81.312447,220.211685,62.58754,101.675499
2018/10/30,100.289909,82.927094,225.657074,62.762615,103.469482
2018/10/31,98.194412,80.858032,226.360031,63.667141,105.719231
2018/11/1,98.488167,81.438141,227.320419,64.027016,105.680458
2018/11/2,99.232361,81.612175,227.874847,64.555832,105.098618
2018/11/5,100.769707,82.521004,232.122238,65.90728,105.787117
2018/11/6,101.180977,82.753067,234.359818,65.30011,106.281685
2018/11/7,102.150398,83.884285,237.983475,66.847412,108.104767
2018/11/8,102.698738,84.696434,236.8918,66.377342,108.977516
2018/11/9,103.364594,84.058319,235.939087,64.399155,107.920509
2018/11/12,101.709747,82.637039,232.703766,62.881222,105.65136
2018/11/13,100.799095,81.525146,232.366348,63.439426,106.27198
2018/11/14,99.418411,80.374588,231.542648,62.185913,104.080414
2018/11/15,97.469803,78.083168,228.198166,63.263153,106.737457
2018/11/16,95.658279,77.038956,229.269989,63.605911,106.659882
2018/11/19,94.767204,75.211601,227.007248,63.282738,107.474442
2018/11/20,92.201698,67.295616,217.648697,61.235989,105.166496
2018/11/21,92.211487,67.519844,216.914322,61.568954,104.38102
2018/11/23,93.122147,65.657822,218.393021,60.47213,103.420998
2018/11/26,93.171104,67.510086,217.787643,62.411156,105.951981
2018/11/27,93.063385,69.586571,221.320663,62.14674,106.398048
2018/11/28,95.43306,70.074005,228.595139,64.222862,107.581116
2018/11/29,95.266594,69.381836,229.250122,63.556946,106.727753
2018/11/30,95.61911,69.177116,229.528015,63.449223,107.823547
2018/12/3,96.696236,70.522446,230.321976,63.811573,108.841751
2018/12/4,93.817375,67.568581,224.635361,60.971573,103.983444
2018/12/6,93.305412,67.792793,231.433472,58.817104,102.005211
2018/12/7,91.749832,66.10627,223.156647,57.142487,100.162727
2018/12/10,92.488243,66.603447,220.973312,55.888981,98.291168
2018/12/11,92.399628,65.10215,224.784241,55.056572,97.331146
2018/12/12,91.671066,66.086777,226.074371,54.821537,97.961456
2018/12/13,91.523384,65.004662,224.794144,54.615883,98.058426
2018/12/14,90.430542,65.482346,205.491486,53.881401,97.253563
2018/12/17,89.367233,62.703957,200.69809,53.127338,96.012306
2018/12/18,89.672447,63.669079,201.452316,52.813961,95.556541
2018/12/19,89.150635,61.251392,199.884293,51.726929,94.344391
2018/12/20,85.931168,60.14978,195.636703,51.188309,93.529816
2018/12/21,85.783478,59.594101,193.046494,49.200321,91.318848
2018/12/24,84.493729,60.003551,188.550797,48.240601,89.350311
2018/12/26,89.012802,63.474098,197.125351,50.375484,93.054665
2018/12/27,90.174561,63.084152,199.556808,50.698662,94.101952
2018/12/28,90.706215,63.327869,200.509506,50.75742,93.898323
2018/12/31,91.710449,64.429474,202.16687,50.982658,94.664406
2019/1/2,91.897507,64.770699,203.208908,52.422234,96.30323
2019/1/3,91.424934,63.883556,198.901779,51.472309,94.934593
2019/1/4,91.995972,64.760941,204.677704,53.989128,98.434395
2019/1/7,93.078964,67.929283,205.431946,54.459194,98.502831
2019/1/8,93.728767,67.861038,206.9702,54.312294,98.317078
2019/1/9,93.423561,68.523956,208.309952,55.213261,98.150894
2019/1/10,93.492485,66.574203,209.044373,55.272018,98.141113
2019/1/11,93.374336,67.861038,208.915344,55.516842,97.671875
2019/1/14,93.482628,67.110382,207.416779,57.710487,98.678802
2019/1/15,94.762543,66.496216,209.431412,60.109791,99.402214
2019/1/16,94.860992,66.145264,208.587845,60.903023,100.203842
2019/1/17,95.244972,67.627075,209.858154,61.177231,100.614433
2019/1/18,96.219673,68.90416,211.972015,61.813778,102.247025
2019/1/22,95.983376,68.514206,210.791031,60.570061,100.633995
2019/1/23,97.184525,68.553207,210.483383,60.844265,100.379814
2019/1/24,96.839935,68.835922,208.716858,61.412266,100.438469
2019/1/25,95.441879,70.571198,207.486267,62.695148,101.073914
2019/1/28,95.56002,70.307976,209.173401,62.528667,101.552933
2019/1/29,95.215431,69.898529,208.716858,61.901917,101.836433
2019/1/30,93.334953,70.512695,209.748993,62.891014,102.071068
2019/1/31,94.349037,71.165863,213.00415,63.126045,101.18145
2019/2/1,92.40947,69.381836,208.67717,62.790741,101.552933
2019/2/4,93.305412,70.619949,209.580276,63.175354,101.914642
2019/2/5,94.122581,70.941643,210.007034,62.928814,101.464951
2019/2/6,94.161972,70.688179,209.997101,63.007702,101.416069
2019/2/7,95.23513,70.054512,208.026779,61.942619,100.086525
2019/2/8,94.102898,69.099129,206.733139,61.153664,99.089386
2019/2/11,94.713318,68.387482,207.69841,60.759193,98.620132
2019/2/12,95.471413,68.640945,210.862839,61.804554,100.301605
2019/2/13,96.42643,70.746674,211.758438,62.169445,100.780632
2019/2/14,96.997459,70.366463,212.79335,61.558002,100.125633
2019/2/15,98.444748,71.009888,215.410477,63.382454,103.185524
2019/2/19,100.620583,72.091759,217.052383,63.490936,102.823807
2019/2/20,98.336441,71.511482,216.047348,63.747345,103.322388
2019/2/21,97.854019,70.84269,214.176529,63.431767,103.107323
2019/2/22,98.011551,71.059059,215.231339,63.254253,102.647842
2019/2/25,97.588188,71.89505,215.98764,63.63887,103.723206
2019/2/26,97.164841,71.098404,216.544891,63.234531,102.931343
2019/2/27,96.593796,71.816368,216.982742,63.510662,102.80426
2019/2/28,97.46019,71.442635,217.669373,63.096466,102.022186
2019/3/1,96.41658,71.737694,218.365936,63.579697,102.090614
2019/3/4,96.337814,71.472137,217.340973,62.86964,101.855995
2019/3/5,96.820244,74.747253,218.744095,62.060963,101.777779
2019/3/6,96.741478,75.632416,218.156967,61.646759,101.396523
2019/3/7,95.944,74.914452,215.728897,61.045189,100.663322
2019/3/8,96.081825,74.560379,226.704926,61.20298,100.702423
2019/3/11,96.958084,75.012794,228.565765,61.449524,102.012405
2019/3/12,96.849785,74.924286,231.819763,61.942619,101.709351
2019/3/13,97.499588,75.848785,235.223022,62.771023,102.051506
2019/3/14,97.222427,75.229172,232.69545,63.22467,102.980217
2019/3/15,97.420387,75.396378,232.456635,64.289749,104.163124
2019/3/18,98.647797,76.59626,235.431992,65.019531,104.788788
2019/3/19,98.835869,77.166702,235.88974,64.723679,104.407524
2019/3/20,97.638161,76.261871,235.820084,63.412048,102.178589
2019/3/21,98.053886,78.179718,238.367554,63.027431,100.565559
2019/3/22,97.281815,77.029007,236.397232,60.13789,97.52523
2019/3/25,97.172928,77.23555,235.810135,59.496868,96.713821
2019/3/26,97.321404,78.317413,237.899857,60.37458,97.681648
2019/3/27,96.222679,78.504288,238.238205,59.891342,97.349266
2019/3/28,96.143494,78.99604,240.039337,61.124084,98.453949
2019/3/29,96.539436,78.937035,240.954834,61.360767,98.962303
2019/4/1,96.826485,78.65181,242.994797,63.471214,102.295914
2019/4/2,95.955421,78.150215,239.322861,63.530384,102.784698
2019/4/3,96.202888,78.002686,241.293167,64.161545,102.989998
2019/4/4,97.113541,80.038567,243.203766,64.911049,103.984932
2019/4/5,97.826225,79.605827,244.666565,64.644791,103.738663
2019/4/8,98.222168,80.579498,245.313385,65.1576,104.073593
2019/4/9,97.687653,79.330437,243.711273,64.299614,103.305229
2019/4/10,98.588409,79.418961,244.407852,64.615196,103.768211
2019/4/11,99.776222,79.123894,240.059235,64.999817,104.644936
2019/4/12,100.528496,79.399284,240.765747,66.488953,109.550629
2019/4/15,101.389664,80.628685,245.124329,66.449509,108.299583
2019/4/16,101.88459,80.618851,244.13916,68.352859,109.442268
2019/4/17,102.112251,81.317139,244.358078,69.378494,112.594521
2019/4/18,102.132042,81.887589,244.606857,68.707886,111.767052
2019/4/22,101.330276,80.668022,242.228561,68.135895,111.904961
2019/4/23,102.02317,80.805717,244.377991,68.244377,112.042877
2019/4/24,102.478493,81.51384,246.746353,67.879486,111.855721
2019/4/25,102.46859,80.392632,244.397888,67.780869,111.914818
2019/4/26,100.498802,75.848785,242.626617,68.550095,112.761993
2019/4/29,100.528496,76.517586,243.084351,70.049103,114.387367
2019/4/30,101.795494,76.143845,244.328247,69.723656,114.318413
2019/5/1,100.330536,74.422684,240.407516,68.993881,113.441696
2019/5/2,100.122665,75.160324,241.502136,69.388351,113.687965
2019/5/3,101.043221,74.68824,243.422684,70.142685,114.387367
2019/5/6,101.419357,74.727585,243.034607,69.884628,113.372734
2019/5/7,100.271141,73.803078,239.00441,67.651421,111.52079
2019/5/8,99.281303,74.166977,240.158752,67.710968,110.929741
2019/5/9,99.052422,73.871925,242.932602,67.125366,110.84108
2019/5/10,101.41082,73.409668,246.474777,67.393356,110.831238
2019/5/13,99.400703,70.498459,241.386032,63.89962,107.816887
2019/5/14,99.798752,70.716789,242.194244,64.773056,108.673912
2019/5/15,99.390755,70.27021,244.129959,64.385971,108.260178
2019/5/16,100.813751,70.24044,246.893845,65.487686,109.649139
2019/5/17,100.365959,70.349602,247.801849,64.584473,109.117188
2019/5/20,101.02272,71.530533,248.350616,64.475296,109.688545
2019/5/21,100.624687,71.411446,249.378342,65.586937,110.062881
2019/5/22,101.729248,76.968758,248.959274,64.177536,109.166451
2019/5/23,101.361061,78.794731,247.981445,63.423206,107.018982
2019/5/24,102.167091,80.948189,246.75415,63.909546,108.073013
2019/5/28,101.918312,80.154289,245.766342,63.314026,106.900764
2019/5/29,101.619789,79.032906,240.158752,63.234619,106.605247
2019/5/30,101.689445,79.777184,241.006866,63.135368,105.462555
2019/5/31,100.943115,79.836723,239.051193,61.686264,104.37896
2019/6/3,101.460564,82.317665,240.537918,62.14283,104.871498
2019/6/4,102.057625,85.195564,245.067886,65.388428,108.102562
2019/6/5,103.908516,84.838303,247.412704,65.289177,108.48674
2019/6/6,104.595139,85.046707,250.655533,65.97403,108.723167
2019/6/7,105.540482,86.187943,255.444946,65.199852,107.531227
2019/6/10,106.993332,86.882607,256.283081,66.619179,108.693604
2019/6/11,107.411278,87.180313,256.54248,67.373505,109.028542
2019/6/12,108.286964,87.587196,256.662262,66.311485,107.639572
2019/6/13,108.117798,87.626892,259.136749,66.579475,107.905548
2019/6/14,108.535744,87.120773,259.575775,66.976494,108.181366
2019/6/17,108.625305,86.475731,260.852966,66.043503,107.590324
2019/6/18,109.1129,85.810837,262.160065,67.472763,109.05809
2019/6/19,109.083054,85.503204,263.078033,67.085663,108.270035
2019/6/20,109.779617,85.552818,266.759918,67.591866,108.545853
2019/6/21,110.585648,86.93222,265.542603,67.462837,107.807045
2019/6/24,110.695107,86.058929,266.181183,66.907013,107.038681
2019/6/25,110.177658,85.046707,265.772064,66.043503,106.152115
2019/6/26,109.620407,84.937546,263.826385,66.71843,106.861366
2019/6/27,109.560692,85.215416,264.993805,67.641495,107.215988
2019/6/28,109.948784,85.949768,263.676727,69.507462,110.131828
2019/7/1,110.078156,86.27726,262.968262,70.212166,111.98378
2019/7/2,111.053345,86.376495,264.884064,69.914406,112.101982
2019/7/3,111.769821,87.229935,268.545959,70.321342,111.923416
2019/7/5,111.431488,87.964294,267.657928,70.867241,112.588089
2019/7/8,112.167862,88.232239,268.805359,70.599251,111.973022
2019/7/9,112.32708,87.130699,269.374115,71.026047,112.449203
2019/7/10,112.42659,85.195564,270.820923,70.599251,112.121826
2019/7/11,113.361984,85.810837,275.929626,71.075676,113.193245
2019/7/12,114.038651,86.862755,278.823212,71.234474,114.383713
2019/7/15,114.416794,86.138329,279.960693,71.174927,112.994835
2019/7/16,114.197868,87.63681,280.030548,70.787834,114.205139
2019/7/17,114.038651,87.190239,280.938538,70.291565,113.084114
2019/7/18,114.158066,87.825363,282.285553,71.254333,113.758713
2019/7/19,113.342087,87.339104,280.888641,70.390823,112.637695
2019/7/22,112.267372,86.555122,279.551605,70.579407,113.361893
2019/7/23,111.540947,87.865059,279.48175,71.452835,115.435287
2019/7/24,111.451385,88.410858,280.210144,72.465233,115.90155
2019/7/25,111.670311,87.299408,279.182404,70.857315,114.790451
2019/7/26,112.466393,86.396339,280.748962,71.621574,115.296394
2019/7/29,111.720062,86.565048,279.511688,71.224556,114.929337
2019/7/30,111.511093,86.217712,278.883087,71.174927,114.671402
2019/7/31,109.839325,85.741371,275.021637,70.629036,115.078148
2019/8/1,108.844223,81.990189,273.963959,67.839996,112.042465
2019/8/2,108.864128,80.898567,271.898529,67.610001,112.032539
2019/8/5,105.301659,80.174141,264.514862,65.18,108.699242
2019/8/6,106.744553,82.139038,268.715576,66.25,109.552406
2019/8/7,107.669998,82.377213,273.69455,65.139999,107.171478
2019/8/8,108.519997,83.161194,274.193451,66.739998,108.986938
2019/8/9,107.279999,81.781792,273.335358,66.050003,108.867889
2019/8/12,105.220001,81.404686,270.711151,64.239998,106.824265
2019/8/13,107.410004,83.597832,275.650238,64.830002,108.471069
2019/8/14,106.199997,81.265747,267.558136,61.41,103.967155
2019/8/15,112.690002,81.930641,270.920685,61.32,104.363968
2019/8/16,112.989998,83.568062,273.494995,63.48,106.863945
2019/8/19,113.809998,85.919998,275.001648,64.309998,107.826241
2019/8/20,112.050003,85.529999,272.367493,63.419998,106.457199
2019/8/21,112.019997,103,275.071503,63.25,106.754822
2019/8/22,111.910004,106.32,279.302155,63.91,107.856003
2019/8/23,110.830002,103.489998,273.405212,61.950001,105.177452
2019/8/26,111.989998,104.769997,277.845367,62.720001,106.020706
2019/8/27,112.419998,104.699997,291.73465,61.66,104.899681
2019/8/28,112.720001,106.400002,293.839996,62.360001,105.951263
2019/8/29,114.080002,107.93,296.570007,63.900002,108.352028
2019/8/30,114.260002,107.040001,294.76001,64.349998,108.986938
