Date,Closing Value
12/31/2014,4736.049805
12/30/2014,4777.439941
12/29/2014,4806.910156
12/26/2014,4806.859863
12/24/2014,4773.470215
12/23/2014,4765.419922
12/22/2014,4781.419922
12/19/2014,4765.379883
12/18/2014,4748.399902
12/17/2014,4644.310059
12/16/2014,4547.830078
12/15/2014,4605.160156
12/12/2014,4653.600098
12/11/2014,4708.160156
12/10/2014,4684.02002
12/9/2014,4766.470215
12/8/2014,4740.689941
12/5/2014,4780.759766
12/4/2014,4769.439941
12/3/2014,4774.470215
12/2/2014,4755.810059
12/1/2014,4727.350098
11/28/2014,4791.629883
11/26/2014,4787.319824
11/25/2014,4758.25
11/24/2014,4754.890137
11/21/2014,4712.970215
11/20/2014,4701.870117
11/19/2014,4675.709961
11/18/2014,4702.439941
11/17/2014,4671
11/14/2014,4688.540039
11/13/2014,4680.140137
11/12/2014,4675.140137
11/11/2014,4660.560059
11/10/2014,4651.620117
11/7/2014,4632.529785
11/6/2014,4638.470215
11/5/2014,4620.720215
11/4/2014,4623.640137
11/3/2014,4638.910156
10/31/2014,4630.740234
10/30/2014,4566.140137
10/29/2014,4549.22998
10/28/2014,4564.290039
10/27/2014,4485.930176
10/24/2014,4483.720215
10/23/2014,4452.790039
10/22/2014,4382.850098
10/21/2014,4419.47998
10/20/2014,4316.069824
10/17/2014,4258.439941
10/16/2014,4217.390137
10/15/2014,4215.319824
10/14/2014,4227.169922
10/13/2014,4213.660156
10/10/2014,4276.240234
10/9/2014,4378.339844
10/8/2014,4468.589844
10/7/2014,4385.200195
10/6/2014,4454.799805
10/3/2014,4475.620117
10/2/2014,4430.200195
10/1/2014,4422.089844
9/30/2014,4493.390137
9/29/2014,4505.850098
9/26/2014,4512.189941
9/25/2014,4466.75
9/24/2014,4555.220215
9/23/2014,4508.689941
9/22/2014,4527.689941
9/19/2014,4579.790039
9/18/2014,4593.430176
9/17/2014,4562.189941
9/16/2014,4552.759766
9/15/2014,4518.899902
9/12/2014,4567.600098
9/11/2014,4591.810059
9/10/2014,4586.52002
9/9/2014,4552.290039
9/8/2014,4592.290039
9/5/2014,4582.899902
9/4/2014,4562.290039
9/3/2014,4572.560059
9/2/2014,4598.189941
8/29/2014,4580.27002
8/28/2014,4557.700195
8/27/2014,4569.620117
8/26/2014,4570.640137
8/25/2014,4557.350098
8/22/2014,4538.549805
8/21/2014,4532.100098
8/20/2014,4526.47998
8/19/2014,4527.509766
8/18/2014,4508.310059
8/15/2014,4464.930176
8/14/2014,4453
8/13/2014,4434.129883
8/12/2014,4389.25
8/11/2014,4401.330078
8/8/2014,4370.899902
8/7/2014,4334.970215
8/6/2014,4355.049805
8/5/2014,4352.839844
8/4/2014,4383.890137
8/1/2014,4352.640137
7/31/2014,4369.77002
7/30/2014,4462.899902
7/29/2014,4442.700195
7/28/2014,4444.910156
7/25/2014,4449.560059
7/24/2014,4472.109863
7/23/2014,4473.700195
7/22/2014,4456.02002
7/21/2014,4424.700195
7/18/2014,4432.149902
7/17/2014,4363.450195
7/16/2014,4425.970215
7/15/2014,4416.390137
7/14/2014,4440.419922
7/11/2014,4415.490234
7/10/2014,4396.200195
7/9/2014,4419.029785
7/8/2014,4391.459961
7/7/2014,4451.529785
7/3/2014,4485.930176
7/2/2014,4457.72998
7/1/2014,4458.649902
6/30/2014,4408.180176
6/27/2014,4397.930176
6/26/2014,4379.049805
6/25/2014,4379.759766
6/24/2014,4350.350098
6/23/2014,4368.680176
6/20/2014,4368.040039
6/19/2014,4359.330078
6/18/2014,4362.839844
6/17/2014,4337.22998
6/16/2014,4321.100098
6/13/2014,4310.649902
6/12/2014,4297.629883
6/11/2014,4331.930176
6/10/2014,4338
6/9/2014,4336.240234
6/6/2014,4321.399902
6/5/2014,4296.22998
6/4/2014,4251.640137
6/3/2014,4234.080078
6/2/2014,4237.200195
5/30/2014,4242.620117
5/29/2014,4247.950195
5/28/2014,4225.080078
5/27/2014,4237.069824
5/23/2014,4185.810059
5/22/2014,4154.339844
5/21/2014,4131.540039
5/20/2014,4096.890137
5/19/2014,4125.810059
5/16/2014,4090.590088
5/15/2014,4069.290039
5/14/2014,4100.629883
5/13/2014,4130.169922
5/12/2014,4143.859863
5/9/2014,4071.870117
5/8/2014,4051.5
5/7/2014,4067.669922
5/6/2014,4080.76001
5/5/2014,4138.060059
5/2/2014,4123.899902
5/1/2014,4127.450195
4/30/2014,4114.560059
4/29/2014,4103.540039
4/28/2014,4074.399902
4/25/2014,4075.560059
4/24/2014,4148.339844
4/23/2014,4126.970215
4/22/2014,4161.459961
4/21/2014,4121.549805
4/17/2014,4095.52002
4/16/2014,4086.22998
4/15/2014,4034.159912
4/14/2014,4022.689941
4/11/2014,3999.72998
4/10/2014,4054.110107
4/9/2014,4183.899902
4/8/2014,4112.990234
4/7/2014,4079.75
4/4/2014,4127.72998
4/3/2014,4237.740234
4/2/2014,4276.459961
4/1/2014,4268.040039
3/31/2014,4198.990234
3/28/2014,4155.759766
3/27/2014,4151.22998
3/26/2014,4173.580078
3/25/2014,4234.27002
3/24/2014,4226.390137
3/21/2014,4276.790039
3/20/2014,4319.290039
3/19/2014,4307.600098
3/18/2014,4333.310059
3/17/2014,4279.950195
3/14/2014,4245.399902
3/13/2014,4260.419922
3/12/2014,4323.330078
3/11/2014,4307.189941
3/10/2014,4334.450195
3/7/2014,4336.220215
3/6/2014,4352.129883
3/5/2014,4357.970215
3/4/2014,4351.970215
3/3/2014,4277.299805
2/28/2014,4308.120117
2/27/2014,4318.930176
2/26/2014,4292.060059
2/25/2014,4287.589844
2/24/2014,4292.970215
2/21/2014,4263.410156
2/20/2014,4267.549805
2/19/2014,4237.950195
2/18/2014,4272.779785
2/14/2014,4244.02002
2/13/2014,4240.669922
2/12/2014,4201.290039
2/11/2014,4191.049805
2/10/2014,4148.169922
2/7/2014,4125.859863
2/6/2014,4057.120117
2/5/2014,4011.550049
2/4/2014,4031.52002
2/3/2014,3996.959961
1/31/2014,4103.879883
1/30/2014,4123.129883
1/29/2014,4051.429932
1/28/2014,4097.959961
1/27/2014,4083.610107
1/24/2014,4128.169922
1/23/2014,4218.879883
1/22/2014,4243
1/21/2014,4225.759766
1/17/2014,4197.580078
1/16/2014,4218.689941
1/15/2014,4214.879883
1/14/2014,4183.02002
1/13/2014,4113.299805
1/10/2014,4174.669922
1/9/2014,4156.189941
1/8/2014,4165.609863
1/7/2014,4153.180176
1/6/2014,4113.680176
1/3/2014,4131.910156
1/2/2014,4143.069824
12/31/2013,4176.589844
12/30/2013,4154.200195
12/27/2013,4156.589844
12/26/2013,4167.180176
12/24/2013,4155.419922
12/23/2013,4148.899902
12/20/2013,4104.740234
12/19/2013,4058.139893
12/18/2013,4070.060059
12/17/2013,4023.679932
12/16/2013,4029.52002
12/13/2013,4000.97998
12/12/2013,3998.399902
12/11/2013,4003.810059
12/10/2013,4060.48999
12/9/2013,4068.75
12/6/2013,4062.52002
12/5/2013,4033.169922
12/4/2013,4038
12/3/2013,4037.199951
12/2/2013,4045.26001
11/29/2013,4059.889893
11/27/2013,4044.75
11/26/2013,4017.75
11/25/2013,3994.570068
11/22/2013,3991.649902
11/21/2013,3969.159912
11/20/2013,3921.27002
11/19/2013,3931.550049
11/18/2013,3949.070068
11/15/2013,3985.969971
11/14/2013,3972.73999
11/13/2013,3965.580078
11/12/2013,3919.919922
11/11/2013,3919.790039
11/8/2013,3919.22998
11/7/2013,3857.330078
11/6/2013,3931.949951
11/5/2013,3939.860107
11/4/2013,3936.590088
11/1/2013,3922.040039
10/31/2013,3919.709961
10/30/2013,3930.620117
10/29/2013,3952.340088
10/28/2013,3940.129883
10/25/2013,3943.360107
10/24/2013,3928.959961
10/23/2013,3907.070068
10/22/2013,3929.570068
10/21/2013,3920.050049
10/18/2013,3914.280029
10/17/2013,3863.149902
10/16/2013,3839.429932
10/15/2013,3794.01001
10/14/2013,3815.280029
10/11/2013,3791.870117
10/10/2013,3760.75
10/9/2013,3677.780029
10/8/2013,3694.830078
10/7/2013,3770.379883
10/4/2013,3807.75
10/3/2013,3774.340088
10/2/2013,3815.02002
10/1/2013,3817.97998
9/30/2013,3771.47998
9/27/2013,3781.590088
9/26/2013,3787.429932
9/25/2013,3761.100098
9/24/2013,3768.25
9/23/2013,3765.290039
9/20/2013,3774.72998
9/19/2013,3789.379883
9/18/2013,3783.639893
9/17/2013,3745.699951
9/16/2013,3717.850098
9/13/2013,3722.179932
9/12/2013,3715.969971
9/11/2013,3725.01001
9/10/2013,3729.02002
9/9/2013,3706.179932
9/6/2013,3660.01001
9/5/2013,3658.780029
9/4/2013,3649.040039
9/3/2013,3612.610107
8/30/2013,3589.870117
8/29/2013,3620.300049
8/28/2013,3593.350098
8/27/2013,3578.52002
8/26/2013,3657.570068
8/23/2013,3657.790039
8/22/2013,3638.709961
8/21/2013,3599.790039
8/20/2013,3613.590088
8/19/2013,3589.090088
8/16/2013,3602.780029
8/15/2013,3606.120117
8/14/2013,3669.27002
8/13/2013,3684.439941
8/12/2013,3669.949951
8/9/2013,3660.110107
8/8/2013,3669.120117
8/7/2013,3654.01001
8/6/2013,3665.77002
8/5/2013,3692.949951
8/2/2013,3689.590088
8/1/2013,3675.73999
7/31/2013,3626.370117
7/30/2013,3616.469971
7/29/2013,3599.139893
7/26/2013,3613.159912
7/25/2013,3605.189941
7/24/2013,3579.600098
7/23/2013,3579.27002
7/22/2013,3600.389893
7/19/2013,3587.610107
7/18/2013,3611.280029
7/17/2013,3610
7/16/2013,3598.5
7/15/2013,3607.48999
7/12/2013,3600.080078
7/11/2013,3578.300049
7/10/2013,3520.76001
7/9/2013,3504.26001
7/8/2013,3484.830078
7/5/2013,3479.379883
7/3/2013,3443.669922
7/2/2013,3433.399902
7/1/2013,3434.48999
6/28/2013,3403.25
6/27/2013,3401.860107
6/26/2013,3376.219971
6/25/2013,3347.889893
6/24/2013,3320.76001
6/21/2013,3357.25
6/20/2013,3364.639893
6/19/2013,3443.199951
6/18/2013,3482.179932
6/17/2013,3452.129883
6/14/2013,3423.560059
6/13/2013,3445.360107
6/12/2013,3400.429932
6/11/2013,3436.949951
6/10/2013,3473.77002
6/7/2013,3469.219971
6/6/2013,3424.050049
6/5/2013,3401.47998
6/4/2013,3445.26001
6/3/2013,3465.370117
5/31/2013,3455.909912
5/30/2013,3491.300049
5/29/2013,3467.52002
5/28/2013,3488.889893
5/24/2013,3459.139893
5/23/2013,3459.419922
5/22/2013,3463.300049
5/21/2013,3502.120117
5/20/2013,3496.429932
5/17/2013,3498.969971
5/16/2013,3465.23999
5/15/2013,3471.620117
5/14/2013,3462.610107
5/13/2013,3438.790039
5/10/2013,3436.580078
5/9/2013,3409.169922
5/8/2013,3413.27002
5/7/2013,3396.629883
5/6/2013,3392.969971
5/3/2013,3378.629883
5/2/2013,3340.620117
5/1/2013,3299.129883
4/30/2013,3328.790039
4/29/2013,3307.02002
4/26/2013,3279.26001
4/25/2013,3289.98999
4/24/2013,3269.649902
4/23/2013,3269.330078
4/22/2013,3233.550049
4/19/2013,3206.060059
4/18/2013,3166.360107
4/17/2013,3204.669922
4/16/2013,3264.629883
4/15/2013,3216.48999
4/12/2013,3294.949951
4/11/2013,3300.159912
4/10/2013,3297.25
4/9/2013,3237.860107
4/8/2013,3222.25
4/5/2013,3203.860107
4/4/2013,3224.97998
4/3/2013,3218.600098
4/2/2013,3254.860107
4/1/2013,3239.169922
3/28/2013,3267.52002
3/27/2013,3256.52002
3/26/2013,3252.47998
3/25/2013,3235.300049
3/22/2013,3245
3/21/2013,3222.600098
3/20/2013,3254.189941
3/19/2013,3229.100098
3/18/2013,3237.590088
3/15/2013,3249.070068
3/14/2013,3258.929932
3/13/2013,3245.120117
3/12/2013,3242.320068
3/11/2013,3252.870117
3/8/2013,3244.370117
3/7/2013,3232.090088
3/6/2013,3222.370117
3/5/2013,3224.129883
3/4/2013,3182.030029
3/1/2013,3169.73999
2/28/2013,3160.189941
2/27/2013,3162.26001
2/26/2013,3129.649902
2/25/2013,3116.25
2/22/2013,3161.820068
2/21/2013,3131.48999
2/20/2013,3164.409912
2/19/2013,3213.590088
2/15/2013,3192.030029
2/14/2013,3198.659912
2/13/2013,3196.879883
2/12/2013,3186.48999
2/11/2013,3192
2/8/2013,3193.870117
2/7/2013,3165.129883
2/6/2013,3168.47998
2/5/2013,3171.580078
2/4/2013,3131.169922
2/1/2013,3179.100098
1/31/2013,3142.129883
1/30/2013,3142.310059
1/29/2013,3153.659912
1/28/2013,3154.300049
1/25/2013,3149.709961
1/24/2013,3130.379883
1/23/2013,3153.669922
1/22/2013,3143.179932
1/18/2013,3134.709961
1/17/2013,3136
1/16/2013,3117.540039
1/15/2013,3110.780029
1/14/2013,3117.5
1/11/2013,3125.629883
1/10/2013,3121.76001
1/9/2013,3105.810059
1/8/2013,3091.810059
1/7/2013,3098.810059
1/4/2013,3101.659912
1/3/2013,3100.570068
1/2/2013,3112.26001
12/31/2012,3019.51001
12/28/2012,2960.310059
12/27/2012,2985.909912
12/26/2012,2990.159912
12/24/2012,3012.600098
12/21/2012,3021.01001
12/20/2012,3050.389893
12/19/2012,3044.360107
12/18/2012,3054.530029
12/17/2012,3010.600098
12/14/2012,2971.330078
12/13/2012,2992.159912
12/12/2012,3013.810059
12/11/2012,3022.300049
12/10/2012,2986.959961
12/7/2012,2978.040039
12/6/2012,2989.27002
12/5/2012,2973.699951
12/4/2012,2996.689941
12/3/2012,3002.199951
11/30/2012,3010.23999
11/29/2012,3012.030029
11/28/2012,2991.780029
11/27/2012,2967.790039
11/26/2012,2976.780029
11/23/2012,2966.850098
11/21/2012,2926.550049
11/20/2012,2916.679932
11/19/2012,2916.070068
11/16/2012,2853.129883
11/15/2012,2836.939941
11/14/2012,2846.810059
11/13/2012,2883.889893
11/12/2012,2904.25
11/9/2012,2904.870117
11/8/2012,2895.580078
11/7/2012,2937.290039
11/6/2012,3011.929932
11/5/2012,2999.659912
11/2/2012,2982.129883
11/1/2012,3020.060059
10/31/2012,2977.22998
10/26/2012,2987.949951
10/25/2012,2986.120117
10/24/2012,2981.699951
10/23/2012,2990.459961
10/22/2012,3016.959961
10/19/2012,3005.620117
10/18/2012,3072.870117
10/17/2012,3104.120117
10/16/2012,3101.169922
10/15/2012,3064.179932
10/12/2012,3044.110107
10/11/2012,3049.409912
10/10/2012,3051.780029
10/9/2012,3065.02002
10/8/2012,3112.350098
10/5/2012,3136.189941
10/4/2012,3149.459961
10/3/2012,3135.22998
10/2/2012,3120.040039
10/1/2012,3113.530029
9/28/2012,3116.22998
9/27/2012,3136.600098
9/26/2012,3093.699951
9/25/2012,3117.72998
9/24/2012,3160.780029
9/21/2012,3179.959961
9/20/2012,3175.959961
9/19/2012,3182.620117
9/18/2012,3177.800049
9/17/2012,3178.669922
9/14/2012,3183.949951
9/13/2012,3155.830078
9/12/2012,3114.310059
9/11/2012,3104.530029
9/10/2012,3104.02002
9/7/2012,3136.419922
9/6/2012,3135.810059
9/5/2012,3069.27002
9/4/2012,3075.060059
8/31/2012,3066.959961
8/30/2012,3048.709961
8/29/2012,3081.189941
8/28/2012,3077.139893
8/27/2012,3073.189941
8/24/2012,3069.790039
8/23/2012,3053.399902
8/22/2012,3073.669922
8/21/2012,3067.26001
8/20/2012,3076.209961
8/17/2012,3076.590088
8/16/2012,3062.389893
8/15/2012,3030.929932
8/14/2012,3016.97998
8/13/2012,3022.52002
8/10/2012,3020.860107
8/9/2012,3018.639893
8/8/2012,3011.25
8/7/2012,3015.860107
8/6/2012,2989.909912
8/3/2012,2967.899902
8/2/2012,2909.77002
8/1/2012,2920.209961
7/31/2012,2939.52002
7/30/2012,2945.840088
7/27/2012,2958.090088
7/26/2012,2893.25
7/25/2012,2854.23999
7/24/2012,2862.98999
7/23/2012,2890.149902
7/20/2012,2925.300049
7/19/2012,2965.899902
7/18/2012,2942.600098
7/17/2012,2910.040039
7/16/2012,2896.939941
7/13/2012,2908.469971
7/12/2012,2866.189941
7/11/2012,2887.97998
7/10/2012,2902.330078
7/9/2012,2931.77002
7/6/2012,2937.330078
7/5/2012,2976.120117
7/3/2012,2976.080078
7/2/2012,2951.22998
6/29/2012,2935.050049
6/28/2012,2849.48999
6/27/2012,2875.320068
6/26/2012,2854.060059
6/25/2012,2836.159912
6/22/2012,2892.419922
6/21/2012,2859.090088
6/20/2012,2930.449951
6/19/2012,2929.76001
6/18/2012,2895.330078
6/15/2012,2872.800049
6/14/2012,2836.330078
6/13/2012,2818.610107
6/12/2012,2843.070068
6/11/2012,2809.72998
6/8/2012,2858.419922
6/7/2012,2831.02002
6/6/2012,2844.719971
6/5/2012,2778.110107
6/4/2012,2760.01001
6/1/2012,2747.47998
5/31/2012,2827.340088
5/30/2012,2837.360107
5/29/2012,2870.98999
5/25/2012,2837.530029
5/24/2012,2839.379883
5/23/2012,2850.120117
5/22/2012,2839.080078
5/21/2012,2847.209961
5/18/2012,2778.790039
5/17/2012,2813.689941
5/16/2012,2874.040039
5/15/2012,2893.76001
5/14/2012,2902.580078
5/11/2012,2933.820068
5/10/2012,2933.639893
5/9/2012,2934.709961
5/8/2012,2946.27002
5/7/2012,2957.76001
5/4/2012,2956.340088
5/3/2012,3024.300049
5/2/2012,3059.850098
5/1/2012,3050.439941
4/30/2012,3046.360107
4/27/2012,3069.199951
4/26/2012,3050.610107
4/25/2012,3029.629883
4/24/2012,2961.600098
4/23/2012,2970.449951
4/20/2012,3000.449951
4/19/2012,3007.560059
4/18/2012,3031.449951
4/17/2012,3042.820068
4/16/2012,2988.399902
4/13/2012,3011.330078
4/12/2012,3055.550049
4/11/2012,3016.459961
4/10/2012,2991.219971
4/9/2012,3047.080078
4/5/2012,3080.5
4/4/2012,3068.090088
4/3/2012,3113.570068
4/2/2012,3119.699951
3/30/2012,3091.570068
3/29/2012,3095.360107
3/28/2012,3104.959961
3/27/2012,3120.350098
3/26/2012,3122.570068
3/23/2012,3067.919922
3/22/2012,3063.320068
3/21/2012,3075.320068
3/20/2012,3074.149902
3/19/2012,3078.320068
3/16/2012,3055.26001
3/15/2012,3056.370117
3/14/2012,3040.72998
3/13/2012,3039.879883
3/12/2012,2983.659912
3/9/2012,2988.340088
3/8/2012,2970.419922
3/7/2012,2935.689941
3/6/2012,2910.320068
3/5/2012,2950.47998
3/2/2012,2976.189941
3/1/2012,2988.969971
2/29/2012,2966.889893
2/28/2012,2986.76001
2/27/2012,2966.159912
2/24/2012,2963.75
2/23/2012,2956.97998
2/22/2012,2933.169922
2/21/2012,2948.570068
2/17/2012,2951.780029
2/16/2012,2959.850098
2/15/2012,2915.830078
2/14/2012,2931.830078
2/13/2012,2931.389893
2/10/2012,2903.879883
2/9/2012,2927.22998
2/8/2012,2915.860107
2/7/2012,2904.080078
2/6/2012,2901.98999
2/3/2012,2905.659912
2/2/2012,2859.679932
2/1/2012,2848.27002
1/31/2012,2813.840088
1/30/2012,2811.939941
1/27/2012,2816.550049
1/26/2012,2805.280029
1/25/2012,2818.310059
1/24/2012,2786.639893
1/23/2012,2784.169922
1/20/2012,2786.699951
1/19/2012,2788.330078
1/18/2012,2769.709961
1/17/2012,2728.080078
1/13/2012,2710.669922
1/12/2012,2724.699951
1/11/2012,2710.76001
1/10/2012,2702.5
1/9/2012,2676.560059
1/6/2012,2674.219971
1/5/2012,2669.860107
1/4/2012,2648.360107
1/3/2012,2648.719971
12/30/2011,2605.149902
12/29/2011,2613.73999
12/28/2011,2589.97998
12/27/2011,2625.199951
12/23/2011,2618.639893
12/22/2011,2599.449951
12/21/2011,2577.969971
12/20/2011,2603.72998
12/19/2011,2523.139893
12/16/2011,2555.330078
12/15/2011,2541.01001
12/14/2011,2539.310059
12/13/2011,2579.27002
12/12/2011,2612.26001
12/9/2011,2646.850098
12/8/2011,2596.379883
12/7/2011,2649.209961
12/6/2011,2649.560059
12/5/2011,2655.76001
12/2/2011,2626.929932
12/1/2011,2626.199951
11/30/2011,2620.340088
11/29/2011,2515.51001
11/28/2011,2527.340088
11/25/2011,2441.51001
11/23/2011,2460.080078
11/22/2011,2521.280029
11/21/2011,2523.139893
11/18/2011,2572.5
11/17/2011,2587.98999
11/16/2011,2639.610107
11/15/2011,2686.199951
11/14/2011,2657.219971
11/11/2011,2678.75
11/10/2011,2625.149902
11/9/2011,2621.649902
11/8/2011,2727.48999
11/7/2011,2695.25
11/4/2011,2686.149902
11/3/2011,2697.969971
11/2/2011,2639.97998
11/1/2011,2606.959961
10/31/2011,2684.409912
10/28/2011,2737.149902
10/27/2011,2738.629883
10/26/2011,2650.669922
10/25/2011,2638.419922
10/24/2011,2699.439941
10/21/2011,2637.459961
10/20/2011,2598.620117
10/19/2011,2604.040039
10/18/2011,2657.429932
10/17/2011,2614.919922
10/14/2011,2667.850098
10/13/2011,2620.23999
10/12/2011,2604.72998
10/11/2011,2583.030029
10/10/2011,2566.050049
10/7/2011,2479.350098
10/6/2011,2506.820068
10/5/2011,2460.51001
10/4/2011,2404.820068
10/3/2011,2335.830078
9/30/2011,2415.399902
9/29/2011,2480.76001
9/28/2011,2491.580078
9/27/2011,2546.830078
9/26/2011,2516.689941
9/23/2011,2483.22998
9/22/2011,2455.669922
9/21/2011,2538.189941
9/20/2011,2590.23999
9/19/2011,2612.830078
9/16/2011,2622.310059
9/15/2011,2607.070068
9/14/2011,2572.550049
9/13/2011,2532.149902
9/12/2011,2495.090088
9/9/2011,2467.98999
9/8/2011,2529.139893
9/7/2011,2548.939941
9/6/2011,2473.830078
9/2/2011,2480.330078
9/1/2011,2546.040039
8/31/2011,2579.459961
8/30/2011,2576.110107
8/29/2011,2562.110107
8/26/2011,2479.850098
8/25/2011,2419.629883
8/24/2011,2467.689941
8/23/2011,2446.060059
8/22/2011,2345.379883
8/19/2011,2341.840088
8/18/2011,2380.429932
8/17/2011,2511.47998
8/16/2011,2523.449951
8/15/2011,2555.199951
8/12/2011,2507.97998
8/11/2011,2492.679932
8/10/2011,2381.050049
8/9/2011,2482.52002
8/8/2011,2357.689941
8/5/2011,2532.409912
8/4/2011,2556.389893
8/3/2011,2693.070068
8/2/2011,2669.23999
8/1/2011,2744.610107
7/29/2011,2756.379883
7/28/2011,2766.25
7/27/2011,2764.790039
7/26/2011,2839.959961
7/25/2011,2842.800049
7/22/2011,2858.830078
7/21/2011,2834.429932
7/20/2011,2814.22998
7/19/2011,2826.52002
7/18/2011,2765.110107
7/15/2011,2789.800049
7/14/2011,2762.669922
7/13/2011,2796.919922
7/12/2011,2781.909912
7/11/2011,2802.620117
7/8/2011,2859.810059
7/7/2011,2872.659912
7/6/2011,2834.02002
7/5/2011,2825.77002
7/1/2011,2816.030029
6/30/2011,2773.52002
6/29/2011,2740.48999
6/28/2011,2729.310059
6/27/2011,2688.280029
6/24/2011,2652.889893
6/23/2011,2686.75
6/22/2011,2669.189941
6/21/2011,2687.26001
6/20/2011,2629.659912
6/17/2011,2616.47998
6/16/2011,2623.699951
6/15/2011,2631.459961
6/14/2011,2678.719971
6/13/2011,2639.689941
6/10/2011,2643.72998
6/9/2011,2684.870117
6/8/2011,2675.379883
6/7/2011,2701.560059
6/6/2011,2702.560059
6/3/2011,2732.780029
6/2/2011,2773.310059
6/1/2011,2769.189941
5/31/2011,2835.300049
5/27/2011,2796.860107
5/26/2011,2782.919922
5/25/2011,2761.379883
5/24/2011,2746.159912
5/23/2011,2758.899902
5/20/2011,2803.320068
5/19/2011,2823.310059
5/18/2011,2815
5/17/2011,2783.209961
5/16/2011,2782.310059
5/13/2011,2828.469971
5/12/2011,2863.040039
5/11/2011,2845.060059
5/10/2011,2871.889893
5/9/2011,2843.25
5/6/2011,2827.560059
5/5/2011,2814.719971
5/4/2011,2828.22998
5/3/2011,2841.620117
5/2/2011,2864.080078
4/29/2011,2873.540039
4/28/2011,2872.530029
4/27/2011,2869.879883
4/26/2011,2847.540039
4/25/2011,2825.879883
4/21/2011,2820.159912
4/20/2011,2802.51001
4/19/2011,2744.969971
4/18/2011,2735.379883
4/15/2011,2764.649902
4/14/2011,2760.219971
4/13/2011,2761.52002
4/12/2011,2744.790039
4/11/2011,2771.51001
4/8/2011,2780.419922
4/7/2011,2796.139893
4/6/2011,2799.820068
4/5/2011,2791.189941
4/4/2011,2789.189941
4/1/2011,2789.600098
3/31/2011,2781.070068
3/30/2011,2776.790039
3/29/2011,2756.889893
3/28/2011,2730.679932
3/25/2011,2743.060059
3/24/2011,2736.419922
3/23/2011,2698.300049
3/22/2011,2683.870117
3/21/2011,2692.090088
3/18/2011,2643.669922
3/17/2011,2636.050049
3/16/2011,2616.820068
3/15/2011,2667.330078
3/14/2011,2700.969971
3/11/2011,2715.610107
3/10/2011,2701.02002
3/9/2011,2751.719971
3/8/2011,2765.77002
3/7/2011,2745.629883
3/4/2011,2784.669922
3/3/2011,2798.73999
3/2/2011,2748.070068
3/1/2011,2737.409912
2/28/2011,2782.27002
2/25/2011,2781.050049
2/24/2011,2737.899902
2/23/2011,2722.98999
2/22/2011,2756.419922
2/18/2011,2833.949951
2/17/2011,2831.580078
2/16/2011,2825.560059
2/15/2011,2804.350098
2/14/2011,2817.179932
2/11/2011,2809.439941
2/10/2011,2790.449951
2/9/2011,2789.070068
2/8/2011,2797.050049
2/7/2011,2783.98999
2/4/2011,2769.300049
2/3/2011,2753.879883
2/2/2011,2749.560059
2/1/2011,2751.189941
1/31/2011,2700.080078
1/28/2011,2686.889893
1/27/2011,2755.280029
1/26/2011,2739.5
1/25/2011,2719.25
1/24/2011,2717.550049
1/21/2011,2689.540039
1/20/2011,2704.290039
1/19/2011,2725.360107
1/18/2011,2765.850098
1/14/2011,2755.300049
1/13/2011,2735.290039
1/12/2011,2737.330078
1/11/2011,2716.830078
1/10/2011,2707.800049
1/7/2011,2703.169922
1/6/2011,2709.889893
1/5/2011,2702.199951
1/4/2011,2681.25
1/3/2011,2691.52002
12/31/2010,2652.870117
12/30/2010,2662.97998
12/29/2010,2666.929932
12/28/2010,2662.879883
12/27/2010,2667.27002
12/23/2010,2665.600098
12/22/2010,2671.47998
12/21/2010,2667.610107
12/20/2010,2649.560059
12/17/2010,2642.969971
12/16/2010,2637.310059
12/15/2010,2617.219971
12/14/2010,2627.719971
12/13/2010,2624.909912
12/10/2010,2637.540039
12/9/2010,2616.669922
12/8/2010,2609.159912
12/7/2010,2598.48999
12/6/2010,2594.919922
12/3/2010,2591.459961
12/2/2010,2579.350098
12/1/2010,2549.429932
11/30/2010,2498.22998
11/29/2010,2525.219971
11/26/2010,2534.560059
11/24/2010,2543.120117
11/23/2010,2494.949951
11/22/2010,2532.02002
11/19/2010,2518.120117
11/18/2010,2514.399902
11/17/2010,2476.01001
11/16/2010,2469.840088
11/15/2010,2513.820068
11/12/2010,2518.209961
11/11/2010,2555.52002
11/10/2010,2578.780029
11/9/2010,2562.97998
11/8/2010,2580.050049
11/5/2010,2578.97998
11/4/2010,2577.340088
11/3/2010,2540.27002
11/2/2010,2533.52002
11/1/2010,2504.840088
10/29/2010,2507.409912
10/28/2010,2507.370117
10/27/2010,2503.26001
10/26/2010,2497.290039
10/25/2010,2490.850098
10/22/2010,2479.389893
10/21/2010,2459.669922
10/20/2010,2457.389893
10/19/2010,2436.949951
10/18/2010,2480.659912
10/15/2010,2468.77002
10/14/2010,2435.379883
10/13/2010,2441.22998
10/12/2010,2417.919922
10/11/2010,2402.330078
10/8/2010,2401.909912
10/7/2010,2383.669922
10/6/2010,2380.659912
10/5/2010,2399.830078
10/4/2010,2344.52002
10/1/2010,2370.75
9/30/2010,2368.620117
9/29/2010,2376.560059
9/28/2010,2379.590088
9/27/2010,2369.77002
9/24/2010,2381.219971
9/23/2010,2327.080078
9/22/2010,2334.550049
9/21/2010,2349.350098
9/20/2010,2355.830078
9/17/2010,2315.610107
9/16/2010,2303.25
9/15/2010,2301.320068
9/14/2010,2289.77002
9/13/2010,2285.709961
9/10/2010,2242.47998
9/9/2010,2236.199951
9/8/2010,2228.870117
9/7/2010,2208.889893
9/3/2010,2233.75
9/2/2010,2200.01001
9/1/2010,2176.840088
8/31/2010,2114.030029
8/30/2010,2119.969971
8/27/2010,2153.629883
8/26/2010,2118.689941
8/25/2010,2141.540039
8/24/2010,2123.76001
8/23/2010,2159.629883
8/20/2010,2179.76001
8/19/2010,2178.949951
8/18/2010,2215.699951
8/17/2010,2209.439941
8/16/2010,2181.870117
8/13/2010,2173.47998
8/12/2010,2190.27002
8/11/2010,2208.629883
8/10/2010,2277.169922
8/9/2010,2305.689941
8/6/2010,2288.469971
8/5/2010,2293.060059
8/4/2010,2303.570068
8/3/2010,2283.52002
8/2/2010,2295.360107
7/30/2010,2254.699951
7/29/2010,2251.689941
7/28/2010,2264.560059
7/27/2010,2288.25
7/26/2010,2296.429932
7/23/2010,2269.469971
7/22/2010,2245.889893
7/21/2010,2187.330078
7/20/2010,2222.48999
7/19/2010,2198.22998
7/16/2010,2179.050049
7/15/2010,2249.080078
7/14/2010,2249.840088
7/13/2010,2242.030029
7/12/2010,2198.360107
7/9/2010,2196.449951
7/8/2010,2175.399902
7/7/2010,2159.469971
7/6/2010,2093.879883
7/2/2010,2091.790039
7/1/2010,2101.360107
6/30/2010,2109.23999
6/29/2010,2135.179932
6/28/2010,2220.649902
6/25/2010,2223.47998
6/24/2010,2217.419922
6/23/2010,2254.22998
6/22/2010,2261.800049
6/21/2010,2289.090088
6/18/2010,2309.800049
6/17/2010,2307.159912
6/16/2010,2305.929932
6/15/2010,2305.879883
6/14/2010,2243.959961
6/11/2010,2243.600098
6/10/2010,2218.709961
6/9/2010,2158.850098
6/8/2010,2170.570068
6/7/2010,2173.899902
6/4/2010,2219.169922
6/3/2010,2303.030029
6/2/2010,2281.070068
6/1/2010,2222.330078
5/28/2010,2257.040039
5/27/2010,2277.679932
5/26/2010,2195.879883
5/25/2010,2210.949951
5/24/2010,2213.550049
5/21/2010,2229.040039
5/20/2010,2204.01001
5/19/2010,2298.370117
5/18/2010,2317.26001
5/17/2010,2354.22998
5/14/2010,2346.850098
5/13/2010,2394.360107
5/12/2010,2425.02002
5/11/2010,2375.310059
5/10/2010,2374.669922
5/7/2010,2265.639893
5/6/2010,2319.639893
5/5/2010,2402.290039
5/4/2010,2424.25
5/3/2010,2498.73999
4/30/2010,2461.189941
4/29/2010,2511.919922
4/28/2010,2471.72998
4/27/2010,2471.469971
4/26/2010,2522.949951
4/23/2010,2530.149902
4/22/2010,2519.070068
4/21/2010,2504.610107
4/20/2010,2500.310059
4/19/2010,2480.110107
4/16/2010,2481.26001
4/15/2010,2515.689941
4/14/2010,2504.860107
4/13/2010,2465.98999
4/12/2010,2457.870117
4/9/2010,2454.050049
4/8/2010,2436.810059
4/7/2010,2431.159912
4/6/2010,2436.810059
4/5/2010,2429.530029
4/1/2010,2402.580078
3/31/2010,2397.959961
3/30/2010,2410.689941
3/29/2010,2404.360107
3/26/2010,2395.129883
3/25/2010,2397.409912
3/24/2010,2398.76001
3/23/2010,2415.23999
3/22/2010,2395.399902
3/19/2010,2374.409912
3/18/2010,2391.280029
3/17/2010,2389.090088
3/16/2010,2378.01001
3/15/2010,2362.209961
3/12/2010,2367.659912
3/11/2010,2368.459961
3/10/2010,2358.949951
3/9/2010,2340.679932
3/8/2010,2332.209961
3/5/2010,2326.350098
3/4/2010,2292.310059
3/3/2010,2280.679932
3/2/2010,2280.790039
3/1/2010,2273.570068
2/26/2010,2238.26001
2/25/2010,2234.219971
2/24/2010,2235.899902
2/23/2010,2213.439941
2/22/2010,2242.030029
2/19/2010,2243.870117
2/18/2010,2241.709961
2/17/2010,2226.290039
2/16/2010,2214.189941
2/12/2010,2183.530029
2/11/2010,2177.409912
2/10/2010,2147.870117
2/9/2010,2150.870117
2/8/2010,2126.050049
2/5/2010,2141.120117
2/4/2010,2125.429932
2/3/2010,2190.909912
2/2/2010,2190.060059
2/1/2010,2171.199951
1/29/2010,2147.350098
1/28/2010,2179
1/27/2010,2221.409912
1/26/2010,2203.72998
1/25/2010,2210.800049
1/22/2010,2205.290039
1/21/2010,2265.699951
1/20/2010,2291.25
1/19/2010,2320.399902
1/15/2010,2287.98999
1/14/2010,2316.73999
1/13/2010,2307.899902
1/12/2010,2282.310059
1/11/2010,2312.409912
1/8/2010,2317.169922
1/7/2010,2300.050049
1/6/2010,2301.090088
1/5/2010,2308.709961
1/4/2010,2308.419922
12/31/2009,2269.149902
12/30/2009,2291.280029
12/29/2009,2288.399902
12/28/2009,2291.080078
12/24/2009,2285.689941
12/23/2009,2269.639893
12/22/2009,2252.669922
12/21/2009,2237.659912
12/18/2009,2211.689941
12/17/2009,2180.050049
12/16/2009,2206.909912
12/15/2009,2201.050049
12/14/2009,2212.100098
12/11/2009,2190.310059
12/10/2009,2190.860107
12/9/2009,2183.72998
12/8/2009,2172.98999
12/7/2009,2189.610107
12/4/2009,2194.350098
12/3/2009,2173.139893
12/2/2009,2185.030029
12/1/2009,2175.810059
11/30/2009,2144.600098
11/27/2009,2138.439941
11/25/2009,2176.050049
11/24/2009,2169.179932
11/23/2009,2176.01001
11/20/2009,2146.040039
11/19/2009,2156.820068
11/18/2009,2193.139893
11/17/2009,2203.780029
11/16/2009,2197.850098
11/13/2009,2167.879883
11/12/2009,2149.02002
11/11/2009,2166.899902
11/10/2009,2151.080078
11/9/2009,2154.060059
11/6/2009,2112.439941
11/5/2009,2105.320068
11/4/2009,2055.52002
11/3/2009,2057.320068
11/2/2009,2049.199951
10/30/2009,2045.109985
10/29/2009,2097.550049
10/28/2009,2059.610107
10/27/2009,2116.090088
10/26/2009,2141.850098
10/23/2009,2154.469971
10/22/2009,2165.290039
10/21/2009,2150.72998
10/20/2009,2163.469971
10/19/2009,2176.320068
10/16/2009,2156.800049
10/15/2009,2173.290039
10/14/2009,2172.22998
10/13/2009,2139.889893
10/12/2009,2139.139893
10/9/2009,2139.280029
10/8/2009,2123.929932
10/7/2009,2110.330078
10/6/2009,2103.570068
10/5/2009,2068.149902
10/2/2009,2048.110107
10/1/2009,2057.47998
9/30/2009,2122.419922
9/29/2009,2124.040039
9/28/2009,2130.73999
9/25/2009,2090.919922
9/24/2009,2107.610107
9/23/2009,2131.419922
9/22/2009,2146.300049
9/21/2009,2138.040039
9/18/2009,2132.860107
9/17/2009,2126.75
9/16/2009,2133.149902
9/15/2009,2102.639893
9/14/2009,2091.780029
9/11/2009,2080.899902
9/10/2009,2084.02002
9/9/2009,2060.389893
9/8/2009,2037.77002
9/4/2009,2018.780029
9/3/2009,1983.199951
9/2/2009,1967.069946
9/1/2009,1968.890015
8/31/2009,2009.060059
8/28/2009,2028.77002
8/27/2009,2027.72998
8/26/2009,2024.430054
8/25/2009,2024.22998
8/24/2009,2017.97998
8/21/2009,2020.900024
8/20/2009,1989.219971
8/19/2009,1969.23999
8/18/2009,1955.920044
8/17/2009,1930.839966
8/14/2009,1985.52002
8/13/2009,2009.349976
8/12/2009,1998.719971
8/11/2009,1969.72998
8/10/2009,1992.23999
8/7/2009,2000.25
8/6/2009,1973.160034
8/5/2009,1993.050049
8/4/2009,2011.310059
8/3/2009,2008.609985
7/31/2009,1978.5
7/30/2009,1984.300049
7/29/2009,1967.76001
7/28/2009,1975.51001
7/27/2009,1967.890015
7/24/2009,1965.959961
7/23/2009,1973.599976
7/22/2009,1926.380005
7/21/2009,1916.199951
7/20/2009,1909.290039
7/17/2009,1886.609985
7/16/2009,1885.030029
7/15/2009,1862.900024
7/14/2009,1799.72998
7/13/2009,1793.209961
7/10/2009,1756.030029
7/9/2009,1752.550049
7/8/2009,1747.170044
7/7/2009,1746.170044
7/6/2009,1787.400024
7/2/2009,1796.52002
7/1/2009,1845.719971
6/30/2009,1835.040039
6/29/2009,1844.060059
6/26/2009,1838.219971
6/25/2009,1829.540039
6/24/2009,1792.339966
6/23/2009,1764.920044
6/22/2009,1766.189941
6/19/2009,1827.469971
6/18/2009,1807.719971
6/17/2009,1808.060059
6/16/2009,1796.180054
6/15/2009,1816.380005
6/12/2009,1858.800049
6/11/2009,1862.369995
6/10/2009,1853.079956
6/9/2009,1860.130005
6/8/2009,1842.400024
6/5/2009,1849.420044
6/4/2009,1850.02002
6/3/2009,1825.920044
6/2/2009,1836.800049
6/1/2009,1828.680054
5/29/2009,1774.329956
5/28/2009,1751.790039
5/27/2009,1731.079956
5/26/2009,1750.430054
5/22/2009,1692.01001
5/21/2009,1695.25
5/20/2009,1727.839966
5/19/2009,1734.540039
5/18/2009,1732.359985
5/15/2009,1680.140015
5/14/2009,1689.209961
5/13/2009,1664.189941
5/12/2009,1715.920044
5/11/2009,1731.23999
5/8/2009,1739
5/7/2009,1716.23999
5/6/2009,1759.099976
5/5/2009,1754.119995
5/4/2009,1763.560059
5/1/2009,1719.199951
4/30/2009,1717.300049
4/29/2009,1711.939941
4/28/2009,1673.810059
4/27/2009,1679.410034
4/24/2009,1694.290039
4/23/2009,1652.209961
4/22/2009,1646.119995
4/21/2009,1643.849976
4/20/2009,1608.209961
4/17/2009,1673.069946
4/16/2009,1670.439941
4/15/2009,1626.800049
4/14/2009,1625.719971
4/13/2009,1653.310059
4/9/2009,1652.540039
4/8/2009,1590.660034
4/7/2009,1561.609985
4/6/2009,1606.709961
4/3/2009,1621.869995
4/2/2009,1602.630005
4/1/2009,1551.599976
3/31/2009,1528.589966
3/30/2009,1501.800049
3/27/2009,1545.199951
3/26/2009,1587
3/25/2009,1528.949951
3/24/2009,1516.52002
3/23/2009,1555.77002
3/20/2009,1457.27002
3/19/2009,1483.47998
3/18/2009,1491.219971
3/17/2009,1462.109985
3/16/2009,1404.02002
3/13/2009,1431.5
3/12/2009,1426.099976
3/11/2009,1371.640015
3/10/2009,1358.280029
3/9/2009,1268.640015
3/6/2009,1293.849976
3/5/2009,1299.589966
3/4/2009,1353.73999
3/3/2009,1321.01001
3/2/2009,1322.849976
2/27/2009,1377.839966
2/26/2009,1391.469971
2/25/2009,1425.430054
2/24/2009,1441.829956
2/23/2009,1387.719971
2/20/2009,1441.22998
2/19/2009,1442.819946
2/18/2009,1467.969971
2/17/2009,1470.660034
2/13/2009,1534.359985
2/12/2009,1541.709961
2/11/2009,1530.5
2/10/2009,1524.72998
2/9/2009,1591.560059
2/6/2009,1591.709961
2/5/2009,1546.23999
2/4/2009,1515.050049
2/3/2009,1516.300049
2/2/2009,1494.430054
1/30/2009,1476.420044
1/29/2009,1507.839966
1/28/2009,1558.339966
1/27/2009,1504.900024
1/26/2009,1489.459961
1/23/2009,1477.290039
1/22/2009,1465.48999
1/21/2009,1507.069946
1/20/2009,1440.859985
1/16/2009,1529.329956
1/15/2009,1511.839966
1/14/2009,1489.640015
1/13/2009,1546.459961
1/12/2009,1538.790039
1/9/2009,1571.589966
1/8/2009,1617.01001
1/7/2009,1599.060059
1/6/2009,1652.380005
1/5/2009,1628.030029
1/2/2009,1632.209961
12/31/2008,1577.030029
12/30/2008,1550.699951
12/29/2008,1510.319946
12/26/2008,1530.23999
12/24/2008,1524.900024
12/23/2008,1521.540039
12/22/2008,1532.349976
12/19/2008,1564.319946
12/18/2008,1552.369995
12/17/2008,1579.310059
12/16/2008,1589.890015
12/15/2008,1508.339966
12/12/2008,1540.719971
12/11/2008,1507.880005
12/10/2008,1565.47998
12/9/2008,1547.339966
12/8/2008,1571.73999
12/5/2008,1509.310059
12/4/2008,1445.560059
12/3/2008,1492.380005
12/2/2008,1449.800049
12/1/2008,1398.069946
11/28/2008,1535.569946
11/26/2008,1532.099976
11/25/2008,1464.72998
11/24/2008,1472.02002
11/21/2008,1384.349976
11/20/2008,1316.119995
11/19/2008,1386.420044
11/18/2008,1483.27002
11/17/2008,1482.050049
11/14/2008,1516.849976
11/13/2008,1596.699951
11/12/2008,1499.209961
11/11/2008,1580.900024
11/10/2008,1616.73999
11/7/2008,1647.400024
11/6/2008,1608.699951
11/5/2008,1681.640015
11/4/2008,1780.119995
11/3/2008,1726.329956
10/31/2008,1720.949951
10/30/2008,1698.52002
10/29/2008,1657.209961
10/28/2008,1649.469971
10/27/2008,1505.900024
10/24/2008,1552.030029
10/23/2008,1603.910034
10/22/2008,1615.75
10/21/2008,1696.680054
10/20/2008,1770.030029
10/17/2008,1711.290039
10/16/2008,1717.709961
10/15/2008,1628.329956
10/14/2008,1779.01001
10/13/2008,1844.25
10/10/2008,1649.51001
10/9/2008,1645.119995
10/8/2008,1740.329956
10/7/2008,1754.880005
10/6/2008,1862.959961
10/3/2008,1947.390015
10/2/2008,1976.719971
10/1/2008,2069.399902
9/30/2008,2091.879883
9/29/2008,1983.72998
9/26/2008,2183.340088
9/25/2008,2186.570068
9/24/2008,2155.679932
9/23/2008,2153.330078
9/22/2008,2178.97998
9/19/2008,2273.899902
9/18/2008,2199.100098
9/17/2008,2098.850098
9/16/2008,2207.899902
9/15/2008,2179.909912
9/12/2008,2261.27002
9/11/2008,2258.219971
9/10/2008,2228.699951
9/9/2008,2209.810059
9/8/2008,2269.76001
9/5/2008,2255.879883
9/4/2008,2259.040039
9/3/2008,2333.72998
9/2/2008,2349.23999
8/29/2008,2367.52002
8/28/2008,2411.639893
8/27/2008,2382.459961
8/26/2008,2361.969971
8/25/2008,2365.590088
8/22/2008,2414.709961
8/21/2008,2380.379883
8/20/2008,2389.080078
8/19/2008,2384.360107
8/18/2008,2416.97998
8/15/2008,2452.52002
8/14/2008,2453.669922
8/13/2008,2428.620117
8/12/2008,2430.610107
8/11/2008,2439.949951
8/8/2008,2414.100098
8/7/2008,2355.72998
8/6/2008,2378.370117
8/5/2008,2349.830078
8/4/2008,2285.560059
8/1/2008,2310.959961
7/31/2008,2325.550049
7/30/2008,2329.719971
7/29/2008,2319.620117
7/28/2008,2264.219971
7/25/2008,2310.530029
7/24/2008,2280.110107
7/23/2008,2325.879883
7/22/2008,2303.959961
7/21/2008,2279.530029
7/18/2008,2282.780029
7/17/2008,2312.300049
7/16/2008,2284.850098
7/15/2008,2215.709961
7/14/2008,2212.870117
7/11/2008,2239.080078
7/10/2008,2257.850098
7/9/2008,2234.889893
7/8/2008,2294.439941
7/7/2008,2243.320068
7/3/2008,2245.379883
7/2/2008,2251.459961
7/1/2008,2304.969971
6/30/2008,2292.97998
6/27/2008,2315.629883
6/26/2008,2321.370117
6/25/2008,2401.26001
6/24/2008,2368.280029
6/23/2008,2385.73999
6/20/2008,2406.090088
6/19/2008,2462.060059
6/18/2008,2429.709961
6/17/2008,2457.72998
6/16/2008,2474.780029
6/13/2008,2454.5
6/12/2008,2404.350098
6/11/2008,2394.01001
6/10/2008,2448.939941
6/9/2008,2459.459961
6/6/2008,2474.560059
6/5/2008,2549.939941
6/4/2008,2503.139893
6/3/2008,2480.47998
6/2/2008,2491.530029
5/30/2008,2522.659912
5/29/2008,2508.320068
5/28/2008,2486.699951
5/27/2008,2481.23999
5/23/2008,2444.669922
5/22/2008,2464.580078
5/21/2008,2448.27002
5/20/2008,2492.26001
5/19/2008,2516.090088
5/16/2008,2528.850098
5/15/2008,2533.72998
5/14/2008,2496.699951
5/13/2008,2495.120117
5/12/2008,2488.48999
5/9/2008,2445.52002
5/8/2008,2451.23999
5/7/2008,2438.48999
5/6/2008,2483.310059
5/5/2008,2464.120117
5/2/2008,2476.98999
5/1/2008,2480.709961
4/30/2008,2412.800049
4/29/2008,2426.100098
4/28/2008,2424.399902
4/25/2008,2422.929932
4/24/2008,2428.919922
4/23/2008,2405.209961
4/22/2008,2376.939941
4/21/2008,2408.040039
4/18/2008,2402.969971
4/17/2008,2341.830078
4/16/2008,2350.110107
4/15/2008,2286.040039
4/14/2008,2275.820068
4/11/2008,2290.23999
4/10/2008,2351.699951
4/9/2008,2322.120117
4/8/2008,2348.76001
4/7/2008,2364.830078
4/4/2008,2370.97998
4/3/2008,2363.300049
4/2/2008,2361.399902
4/1/2008,2362.75
3/31/2008,2279.100098
3/28/2008,2261.179932
3/27/2008,2280.830078
3/26/2008,2324.360107
3/25/2008,2341.050049
3/24/2008,2326.75
3/20/2008,2258.110107
3/19/2008,2209.959961
3/18/2008,2268.26001
3/17/2008,2177.01001
3/14/2008,2212.48999
3/13/2008,2263.610107
3/12/2008,2243.870117
3/11/2008,2255.76001
3/10/2008,2169.340088
3/7/2008,2212.48999
3/6/2008,2220.5
3/5/2008,2272.810059
3/4/2008,2260.280029
3/3/2008,2258.600098
2/29/2008,2271.47998
2/28/2008,2331.570068
2/27/2008,2353.780029
2/26/2008,2344.98999
2/25/2008,2327.47998
2/22/2008,2303.350098
2/21/2008,2299.780029
2/20/2008,2327.100098
2/19/2008,2306.199951
2/15/2008,2321.800049
2/14/2008,2332.540039
2/13/2008,2373.929932
2/12/2008,2320.040039
2/11/2008,2320.060059
2/8/2008,2304.850098
2/7/2008,2293.030029
2/6/2008,2278.75
2/5/2008,2309.570068
2/4/2008,2382.850098
2/1/2008,2413.360107
1/31/2008,2389.860107
1/30/2008,2349
1/29/2008,2358.060059
1/28/2008,2349.909912
1/25/2008,2326.199951
1/24/2008,2360.919922
1/23/2008,2316.409912
1/22/2008,2292.27002
1/18/2008,2340.02002
1/17/2008,2346.899902
1/16/2008,2394.590088
1/15/2008,2417.590088
1/14/2008,2478.300049
1/11/2008,2439.939941
1/10/2008,2488.52002
1/9/2008,2474.550049
1/8/2008,2440.51001
1/7/2008,2499.459961
1/4/2008,2504.649902
1/3/2008,2602.679932
1/2/2008,2609.629883
12/31/2007,2652.280029
12/28/2007,2674.459961
12/27/2007,2676.790039
12/26/2007,2724.409912
12/24/2007,2713.5
12/21/2007,2691.98999
12/20/2007,2640.860107
12/19/2007,2601.01001
12/18/2007,2596.030029
12/17/2007,2574.459961
12/14/2007,2635.73999
12/13/2007,2668.48999
12/12/2007,2671.139893
12/11/2007,2652.350098
12/10/2007,2718.949951
12/7/2007,2706.159912
12/6/2007,2709.030029
12/5/2007,2666.360107
12/4/2007,2619.830078
12/3/2007,2637.129883
11/30/2007,2660.959961
11/29/2007,2668.129883
11/28/2007,2662.909912
11/27/2007,2580.800049
11/26/2007,2540.98999
11/23/2007,2596.600098
11/21/2007,2562.149902
11/20/2007,2596.810059
11/19/2007,2593.379883
11/16/2007,2637.23999
11/15/2007,2618.51001
11/14/2007,2644.320068
11/13/2007,2673.649902
11/12/2007,2584.129883
11/9/2007,2627.939941
11/8/2007,2696
11/7/2007,2748.76001
11/6/2007,2825.179932
11/5/2007,2795.179932
11/2/2007,2810.379883
11/1/2007,2794.830078
10/31/2007,2859.120117
10/30/2007,2816.709961
10/29/2007,2817.439941
10/26/2007,2804.189941
10/25/2007,2750.860107
10/24/2007,2774.76001
10/23/2007,2799.26001
10/22/2007,2753.929932
10/19/2007,2725.159912
10/18/2007,2799.310059
10/17/2007,2792.669922
10/16/2007,2763.909912
10/15/2007,2780.050049
10/12/2007,2805.679932
10/11/2007,2772.199951
10/10/2007,2811.610107
10/9/2007,2803.909912
10/8/2007,2787.370117
10/5/2007,2780.320068
10/4/2007,2733.570068
10/3/2007,2729.429932
10/2/2007,2747.110107
10/1/2007,2740.98999
9/28/2007,2701.5
9/27/2007,2709.590088
9/26/2007,2699.030029
9/25/2007,2683.449951
9/24/2007,2667.949951
9/21/2007,2671.219971
9/20/2007,2654.290039
9/19/2007,2666.47998
9/18/2007,2651.659912
9/17/2007,2581.659912
9/14/2007,2602.179932
9/13/2007,2601.060059
9/12/2007,2592.070068
9/11/2007,2597.469971
9/10/2007,2559.110107
9/7/2007,2565.699951
9/6/2007,2614.320068
9/5/2007,2605.949951
9/4/2007,2630.23999
8/31/2007,2596.360107
8/30/2007,2565.300049
8/29/2007,2563.159912
8/28/2007,2500.639893
8/27/2007,2561.25
8/24/2007,2576.689941
8/23/2007,2541.699951
8/22/2007,2552.800049
8/21/2007,2521.300049
8/20/2007,2508.590088
8/17/2007,2505.030029
8/16/2007,2451.070068
8/15/2007,2458.830078
8/14/2007,2499.120117
8/13/2007,2542.23999
8/10/2007,2544.889893
8/9/2007,2556.48999
8/8/2007,2612.97998
8/7/2007,2561.600098
8/6/2007,2547.330078
8/3/2007,2511.25
8/2/2007,2575.97998
8/1/2007,2553.870117
7/31/2007,2546.27002
7/30/2007,2583.280029
7/27/2007,2562.23999
7/26/2007,2599.340088
7/25/2007,2648.169922
7/24/2007,2639.860107
7/23/2007,2690.580078
7/20/2007,2687.600098
7/19/2007,2720.040039
7/18/2007,2699.48999
7/17/2007,2712.290039
7/16/2007,2697.330078
7/13/2007,2707
7/12/2007,2701.72998
7/11/2007,2651.790039
7/10/2007,2639.159912
7/9/2007,2670.02002
7/6/2007,2666.51001
7/5/2007,2656.649902
7/3/2007,2644.949951
7/2/2007,2632.300049
6/29/2007,2603.22998
6/28/2007,2608.370117
6/27/2007,2605.350098
6/26/2007,2574.159912
6/25/2007,2577.080078
6/22/2007,2588.959961
6/21/2007,2616.959961
6/20/2007,2599.959961
6/19/2007,2626.76001
6/18/2007,2626.600098
6/15/2007,2626.709961
6/14/2007,2599.409912
6/13/2007,2582.310059
6/12/2007,2549.77002
6/11/2007,2572.149902
6/8/2007,2573.540039
6/7/2007,2541.379883
6/6/2007,2587.179932
6/5/2007,2611.22998
6/4/2007,2618.290039
6/1/2007,2613.919922
5/31/2007,2604.52002
5/30/2007,2592.590088
5/29/2007,2572.060059
5/25/2007,2557.189941
5/24/2007,2537.919922
5/23/2007,2577.050049
5/22/2007,2588.02002
5/21/2007,2578.790039
5/18/2007,2558.449951
5/17/2007,2539.379883
5/16/2007,2547.419922
5/15/2007,2525.290039
5/14/2007,2546.439941
5/11/2007,2562.219971
5/10/2007,2533.73999
5/9/2007,2576.340088
5/8/2007,2571.75
5/7/2007,2570.949951
5/4/2007,2572.149902
5/3/2007,2565.459961
5/2/2007,2557.840088
5/1/2007,2531.530029
4/30/2007,2525.090088
4/27/2007,2557.209961
4/26/2007,2554.459961
4/25/2007,2547.889893
4/24/2007,2524.540039
4/23/2007,2523.669922
4/20/2007,2526.389893
4/19/2007,2505.350098
4/18/2007,2510.5
4/17/2007,2516.949951
4/16/2007,2518.330078
4/13/2007,2491.939941
4/12/2007,2480.320068
4/11/2007,2459.310059
4/10/2007,2477.610107
4/9/2007,2469.179932
4/5/2007,2471.340088
4/4/2007,2458.689941
4/3/2007,2450.330078
4/2/2007,2422.26001
3/30/2007,2421.639893
3/29/2007,2417.879883
3/28/2007,2417.100098
3/27/2007,2437.429932
3/26/2007,2455.629883
3/23/2007,2448.929932
3/22/2007,2451.73999
3/21/2007,2455.919922
3/20/2007,2408.209961
3/19/2007,2394.409912
3/16/2007,2372.659912
3/15/2007,2378.699951
3/14/2007,2371.73999
3/13/2007,2350.570068
3/12/2007,2402.290039
3/9/2007,2387.550049
3/8/2007,2387.72998
3/7/2007,2374.639893
3/6/2007,2385.139893
3/5/2007,2340.679932
3/2/2007,2368
3/1/2007,2404.209961
2/28/2007,2416.149902
2/27/2007,2407.860107
2/26/2007,2504.52002
2/23/2007,2515.100098
2/22/2007,2524.939941
2/21/2007,2518.419922
2/20/2007,2513.040039
2/16/2007,2496.310059
2/15/2007,2497.100098
2/14/2007,2488.379883
2/13/2007,2459.879883
2/12/2007,2450.379883
2/9/2007,2459.820068
2/8/2007,2488.669922
2/7/2007,2490.5
2/6/2007,2471.48999
2/5/2007,2470.600098
2/2/2007,2475.879883
2/1/2007,2468.379883
1/31/2007,2463.929932
1/30/2007,2448.639893
1/29/2007,2441.090088
1/26/2007,2435.48999
1/25/2007,2434.23999
1/24/2007,2466.280029
1/23/2007,2431.409912
1/22/2007,2431.070068
1/19/2007,2451.310059
1/18/2007,2443.209961
1/17/2007,2479.419922
1/16/2007,2497.780029
1/12/2007,2502.820068
1/11/2007,2484.850098
1/10/2007,2459.330078
1/9/2007,2443.830078
1/8/2007,2438.199951
1/5/2007,2434.25
1/4/2007,2453.429932
1/3/2007,2423.159912
12/29/2006,2415.290039
12/28/2006,2425.570068
12/27/2006,2431.219971
12/26/2006,2413.51001
12/22/2006,2401.179932
12/21/2006,2415.850098
12/20/2006,2427.610107
12/19/2006,2429.550049
12/18/2006,2435.570068
12/15/2006,2457.199951
12/14/2006,2453.850098
12/13/2006,2432.409912
12/12/2006,2431.600098
12/11/2006,2442.860107
12/8/2006,2437.360107
12/7/2006,2427.689941
12/6/2006,2445.860107
12/5/2006,2452.379883
12/4/2006,2448.389893
12/1/2006,2413.209961
11/30/2006,2431.77002
11/29/2006,2432.22998
11/28/2006,2412.610107
11/27/2006,2405.919922
11/24/2006,2460.26001
11/22/2006,2465.97998
11/21/2006,2454.840088
11/20/2006,2452.719971
11/17/2006,2445.860107
11/16/2006,2449.060059
11/15/2006,2442.75
11/14/2006,2430.659912
11/13/2006,2406.379883
11/10/2006,2389.719971
11/9/2006,2376.01001
11/8/2006,2384.939941
11/7/2006,2375.879883
11/6/2006,2365.949951
11/3/2006,2330.790039
11/2/2006,2334.02002
11/1/2006,2334.350098
10/31/2006,2366.709961
10/30/2006,2363.77002
10/27/2006,2350.620117
10/26/2006,2379.100098
10/25/2006,2356.590088
10/24/2006,2344.840088
10/23/2006,2355.560059
10/20/2006,2342.300049
10/19/2006,2340.939941
10/18/2006,2337.149902
10/17/2006,2344.949951
10/16/2006,2363.840088
10/13/2006,2357.290039
10/12/2006,2346.179932
10/11/2006,2308.27002
10/10/2006,2315.429932
10/9/2006,2311.77002
10/6/2006,2299.98999
10/5/2006,2306.340088
10/4/2006,2290.949951
10/3/2006,2243.649902
10/2/2006,2237.600098
9/29/2006,2258.429932
9/28/2006,2270.02002
9/27/2006,2263.389893
9/26/2006,2261.340088
9/25/2006,2249.070068
9/22/2006,2218.929932
9/21/2006,2237.75
9/20/2006,2252.889893
9/19/2006,2222.370117
9/18/2006,2235.75
9/15/2006,2235.590088
9/14/2006,2228.72998
9/13/2006,2227.669922
9/12/2006,2215.820068
9/11/2006,2173.25
9/8/2006,2165.790039
9/7/2006,2155.290039
9/6/2006,2167.840088
9/5/2006,2205.699951
9/1/2006,2193.159912
8/31/2006,2183.75
8/30/2006,2185.72998
8/29/2006,2172.300049
8/28/2006,2160.699951
8/25/2006,2140.290039
8/24/2006,2137.110107
8/23/2006,2134.659912
8/22/2006,2150.02002
8/21/2006,2147.75
8/18/2006,2163.949951
8/17/2006,2157.610107
8/16/2006,2149.540039
8/15/2006,2115.01001
8/14/2006,2069.040039
8/11/2006,2057.709961
8/10/2006,2071.73999
8/9/2006,2060.280029
8/8/2006,2060.850098
8/7/2006,2072.5
8/4/2006,2085.050049
8/3/2006,2092.340088
8/2/2006,2078.810059
8/1/2006,2061.98999
7/31/2006,2091.469971
7/28/2006,2094.139893
7/27/2006,2054.469971
7/26/2006,2070.459961
7/25/2006,2073.899902
7/24/2006,2061.840088
7/21/2006,2020.390015
7/20/2006,2039.420044
7/19/2006,2080.709961
7/18/2006,2043.219971
7/17/2006,2037.719971
7/14/2006,2037.349976
7/13/2006,2054.110107
7/12/2006,2090.23999
7/11/2006,2128.860107
7/10/2006,2116.929932
7/7/2006,2130.060059
7/6/2006,2155.090088
7/5/2006,2153.340088
7/3/2006,2190.429932
6/30/2006,2172.090088
6/29/2006,2174.379883
6/28/2006,2111.840088
6/27/2006,2100.25
6/26/2006,2133.669922
6/23/2006,2121.469971
6/22/2006,2122.97998
6/21/2006,2141.199951
6/20/2006,2107.060059
6/19/2006,2110.419922
6/16/2006,2129.949951
6/15/2006,2144.149902
6/14/2006,2086
6/13/2006,2072.469971
6/12/2006,2091.320068
6/9/2006,2135.060059
6/8/2006,2145.320068
6/7/2006,2151.800049
6/6/2006,2162.780029
6/5/2006,2169.620117
6/2/2006,2219.409912
6/1/2006,2219.860107
5/31/2006,2178.879883
5/30/2006,2164.73999
5/26/2006,2210.370117
5/25/2006,2198.23999
5/24/2006,2169.169922
5/23/2006,2158.76001
5/22/2006,2172.860107
5/19/2006,2193.879883
5/18/2006,2180.320068
5/17/2006,2195.800049
5/16/2006,2229.129883
5/15/2006,2238.52002
5/12/2006,2243.780029
5/11/2006,2272.699951
5/10/2006,2320.73999
5/9/2006,2338.25
5/8/2006,2344.98999
5/5/2006,2342.570068
5/4/2006,2323.899902
5/3/2006,2303.969971
5/2/2006,2309.840088
5/1/2006,2304.790039
4/28/2006,2322.570068
4/27/2006,2344.949951
4/26/2006,2333.629883
4/25/2006,2330.300049
4/24/2006,2333.379883
4/21/2006,2342.860107
4/20/2006,2362.550049
4/19/2006,2370.879883
4/18/2006,2356.139893
4/17/2006,2311.159912
4/13/2006,2326.110107
4/12/2006,2314.679932
4/11/2006,2310.350098
4/10/2006,2333.27002
4/7/2006,2339.02002
4/6/2006,2361.169922
4/5/2006,2359.75
4/4/2006,2345.360107
4/3/2006,2336.73999
3/31/2006,2339.790039
3/30/2006,2340.820068
3/29/2006,2337.780029
3/28/2006,2304.459961
3/27/2006,2315.580078
3/24/2006,2312.820068
3/23/2006,2300.149902
3/22/2006,2303.350098
3/21/2006,2294.22998
3/20/2006,2314.110107
3/17/2006,2306.47998
3/16/2006,2299.560059
3/15/2006,2311.840088
3/14/2006,2295.899902
3/13/2006,2267.030029
3/10/2006,2262.040039
3/9/2006,2249.719971
3/8/2006,2267.459961
3/7/2006,2268.379883
3/6/2006,2286.030029
3/3/2006,2302.600098
3/2/2006,2311.110107
3/1/2006,2314.639893
2/28/2006,2281.389893
2/27/2006,2307.179932
2/24/2006,2287.040039
2/23/2006,2279.320068
2/22/2006,2283.169922
2/21/2006,2262.959961
2/17/2006,2282.360107
2/16/2006,2294.629883
2/15/2006,2276.429932
2/14/2006,2262.169922
2/13/2006,2239.810059
2/10/2006,2261.879883
2/9/2006,2255.870117
2/8/2006,2266.97998
2/7/2006,2244.959961
2/6/2006,2258.800049
2/3/2006,2262.580078
2/2/2006,2281.570068
2/1/2006,2310.560059
1/31/2006,2305.820068
1/30/2006,2306.780029
1/27/2006,2304.22998
1/26/2006,2283
1/25/2006,2260.649902
1/24/2006,2265.25
1/23/2006,2248.469971
1/20/2006,2247.699951
1/19/2006,2301.810059
1/18/2006,2279.639893
1/17/2006,2302.689941
1/13/2006,2317.040039
1/12/2006,2316.689941
1/11/2006,2331.360107
1/10/2006,2320.320068
1/9/2006,2318.689941
1/6/2006,2305.620117
1/5/2006,2276.870117
1/4/2006,2263.459961
1/3/2006,2243.73999
12/30/2005,2205.320068
12/29/2005,2218.159912
12/28/2005,2228.939941
12/27/2005,2226.889893
12/23/2005,2249.419922
12/22/2005,2246.48999
12/21/2005,2231.659912
12/20/2005,2222.419922
12/19/2005,2222.73999
12/16/2005,2252.47998
12/15/2005,2260.629883
12/14/2005,2262.590088
12/13/2005,2265
12/12/2005,2260.949951
12/9/2005,2256.72998
12/8/2005,2246.459961
12/7/2005,2252.01001
12/6/2005,2260.76001
12/5/2005,2257.639893
12/2/2005,2273.370117
12/1/2005,2267.169922
11/30/2005,2232.820068
11/29/2005,2232.709961
11/28/2005,2239.370117
11/25/2005,2263.01001
11/23/2005,2259.97998
11/22/2005,2253.560059
11/21/2005,2241.669922
11/18/2005,2227.070068
11/17/2005,2220.459961
11/16/2005,2187.929932
11/15/2005,2186.73999
11/14/2005,2200.949951
11/11/2005,2202.469971
11/10/2005,2196.679932
11/9/2005,2175.810059
11/8/2005,2172.070068
11/7/2005,2178.23999
11/4/2005,2169.429932
11/3/2005,2160.219971
11/2/2005,2144.310059
11/1/2005,2114.050049
10/31/2005,2120.300049
10/28/2005,2089.879883
10/27/2005,2063.810059
10/26/2005,2100.050049
10/25/2005,2109.449951
10/24/2005,2115.830078
10/21/2005,2082.209961
10/20/2005,2068.110107
10/19/2005,2091.23999
10/18/2005,2056
10/17/2005,2070.300049
10/14/2005,2064.830078
10/13/2005,2047.219971
10/12/2005,2037.469971
10/11/2005,2061.090088
10/10/2005,2078.919922
10/7/2005,2090.350098
10/6/2005,2084.080078
10/5/2005,2103.02002
10/4/2005,2139.360107
10/3/2005,2155.429932
9/30/2005,2151.689941
9/29/2005,2141.219971
9/28/2005,2115.399902
9/27/2005,2116.419922
9/26/2005,2121.459961
9/23/2005,2116.840088
9/22/2005,2110.780029
9/21/2005,2106.639893
9/20/2005,2131.330078
9/19/2005,2145.26001
9/16/2005,2160.350098
9/15/2005,2146.149902
9/14/2005,2149.330078
9/13/2005,2171.75
9/12/2005,2182.830078
9/9/2005,2175.51001
9/8/2005,2166.030029
9/7/2005,2172.030029
9/6/2005,2166.860107
9/2/2005,2141.070068
9/1/2005,2147.899902
8/31/2005,2152.090088
8/30/2005,2129.76001
8/29/2005,2137.649902
8/26/2005,2120.77002
8/25/2005,2134.370117
8/24/2005,2128.909912
8/23/2005,2137.25
8/22/2005,2141.409912
8/19/2005,2135.560059
8/18/2005,2136.080078
8/17/2005,2145.149902
8/16/2005,2137.060059
8/15/2005,2167.040039
8/12/2005,2156.899902
8/11/2005,2174.550049
8/10/2005,2157.810059
8/9/2005,2174.189941
8/8/2005,2164.389893
8/5/2005,2177.909912
8/4/2005,2191.320068
8/3/2005,2216.810059
8/2/2005,2218.149902
8/1/2005,2195.379883
7/29/2005,2184.830078
7/28/2005,2198.439941
7/27/2005,2186.219971
7/26/2005,2175.98999
7/25/2005,2166.73999
7/22/2005,2179.73999
7/21/2005,2178.600098
7/20/2005,2188.570068
7/19/2005,2173.179932
7/18/2005,2144.870117
7/15/2005,2156.780029
7/14/2005,2152.820068
7/13/2005,2144.110107
7/12/2005,2143.149902
7/11/2005,2135.429932
7/8/2005,2112.879883
7/7/2005,2075.659912
7/6/2005,2068.649902
7/5/2005,2078.75
7/1/2005,2057.370117
6/30/2005,2056.959961
6/29/2005,2068.889893
6/28/2005,2069.889893
6/27/2005,2045.199951
6/24/2005,2053.27002
6/23/2005,2070.659912
6/22/2005,2092.030029
6/21/2005,2091.070068
6/20/2005,2088.129883
6/17/2005,2090.110107
6/16/2005,2089.149902
6/15/2005,2074.919922
6/14/2005,2069.040039
6/13/2005,2068.959961
6/10/2005,2063
6/9/2005,2076.909912
6/8/2005,2060.179932
6/7/2005,2067.159912
6/6/2005,2075.76001
6/3/2005,2071.429932
6/2/2005,2097.800049
6/1/2005,2087.860107
5/31/2005,2068.219971
5/27/2005,2075.72998
5/26/2005,2071.23999
5/25/2005,2050.120117
5/24/2005,2061.620117
5/23/2005,2056.649902
5/20/2005,2046.420044
5/19/2005,2042.579956
5/18/2005,2030.650024
5/17/2005,2004.150024
5/16/2005,1994.430054
5/13/2005,1976.780029
5/12/2005,1963.880005
5/11/2005,1971.550049
5/10/2005,1962.77002
5/9/2005,1979.670044
5/6/2005,1967.349976
5/5/2005,1961.800049
5/4/2005,1962.22998
5/3/2005,1933.069946
5/2/2005,1928.650024
4/29/2005,1921.650024
4/28/2005,1904.180054
4/27/2005,1930.430054
4/26/2005,1927.439941
4/25/2005,1950.780029
4/22/2005,1932.189941
4/21/2005,1962.410034
4/20/2005,1913.76001
4/19/2005,1932.359985
4/18/2005,1912.920044
4/15/2005,1908.150024
4/14/2005,1946.709961
4/13/2005,1974.369995
4/12/2005,2005.400024
4/11/2005,1992.119995
4/8/2005,1999.349976
4/7/2005,2018.790039
4/6/2005,1999.140015
4/5/2005,1999.319946
4/4/2005,1991.069946
4/1/2005,1984.810059
3/31/2005,1999.22998
3/30/2005,2005.670044
3/29/2005,1973.880005
3/28/2005,1992.52002
3/24/2005,1991.060059
3/23/2005,1990.219971
3/22/2005,1989.339966
3/21/2005,2007.51001
3/18/2005,2007.790039
3/17/2005,2016.420044
3/16/2005,2015.75
3/15/2005,2034.97998
3/14/2005,2051.040039
3/11/2005,2041.599976
3/10/2005,2059.719971
3/9/2005,2061.290039
3/8/2005,2073.550049
3/7/2005,2090.209961
3/4/2005,2070.610107
3/3/2005,2058.399902
3/2/2005,2067.5
3/1/2005,2071.25
2/28/2005,2051.719971
2/25/2005,2065.399902
2/24/2005,2051.699951
2/23/2005,2031.25
2/22/2005,2030.319946
2/18/2005,2058.620117
2/17/2005,2061.340088
2/16/2005,2087.429932
2/15/2005,2089.209961
2/14/2005,2082.909912
2/11/2005,2076.659912
2/10/2005,2053.100098
2/9/2005,2052.550049
2/8/2005,2086.679932
2/7/2005,2082.030029
2/4/2005,2086.659912
2/3/2005,2057.639893
2/2/2005,2075.060059
2/1/2005,2068.699951
1/31/2005,2062.409912
1/28/2005,2035.829956
1/27/2005,2047.150024
1/26/2005,2046.089966
1/25/2005,2019.949951
1/24/2005,2008.699951
1/21/2005,2034.27002
1/20/2005,2045.880005
1/19/2005,2073.590088
1/18/2005,2106.040039
1/14/2005,2087.909912
1/13/2005,2070.560059
1/12/2005,2092.530029
1/11/2005,2079.620117
1/10/2005,2097.040039
1/7/2005,2088.610107
1/6/2005,2090
1/5/2005,2091.23999
1/4/2005,2107.860107
1/3/2005,2152.149902
