Date,Closing Price
2021/8/30,4528.79
2021/8/27,4509.37
2021/8/26,4470.00
2021/8/25,4496.19
2021/8/24,4486.23
2021/8/23,4479.53
2021/8/20,4441.67
2021/8/19,4405.80
2021/8/18,4400.27
2021/8/17,4448.08
2021/8/16,4479.71
2021/8/13,4468.00
2021/8/12,4460.83
2021/8/11,4447.70
2021/8/10,4436.75
2021/8/9,4432.35
2021/8/6,4436.52
2021/8/5,4429.10
2021/8/4,4402.66
2021/8/3,4423.15
2021/8/2,4387.16
2021/7/30,4395.26
2021/7/29,4419.15
2021/7/28,4400.64
2021/7/27,4401.46
2021/7/26,4422.30
2021/7/23,4411.79
2021/7/22,4367.48
2021/7/21,4358.69
2021/7/20,4323.06
2021/7/19,4258.49
2021/7/16,4327.16
2021/7/15,4360.03
2021/7/14,4374.30
2021/7/13,4369.21
2021/7/12,4384.63
2021/7/9,4369.55
2021/7/8,4320.82
2021/7/7,4358.13
2021/7/6,4343.54
2021/7/2,4352.34
2021/7/1,4319.94
2021/6/30,4297.50
2021/6/29,4291.80
2021/6/28,4290.61
2021/6/25,4280.70
2021/6/24,4266.49
2021/6/23,4241.84
2021/6/22,4246.44
2021/6/21,4224.79
2021/6/18,4166.45
2021/6/17,4221.86
2021/6/16,4223.70
2021/6/15,4246.59
2021/6/14,4255.15
2021/6/11,4247.44
2021/6/10,4239.18
2021/6/9,4219.55
2021/6/8,4227.26
2021/6/7,4226.52
2021/6/4,4229.89
2021/6/3,4192.85
2021/6/2,4208.12
2021/6/1,4202.04
2021/5/28,4204.11
2021/5/27,4200.88
2021/5/26,4195.99
2021/5/25,4188.13
2021/5/24,4197.05
2021/5/21,4155.86
2021/5/20,4159.12
2021/5/19,4115.68
2021/5/18,4127.83
2021/5/17,4163.29
2021/5/14,4173.85
2021/5/13,4112.50
2021/5/12,4063.04
2021/5/11,4152.10
2021/5/10,4188.43
2021/5/7,4232.60
2021/5/6,4201.62
2021/5/5,4167.59
2021/5/4,4164.66
2021/5/3,4192.66
2021/4/30,4181.17
2021/4/29,4211.47
2021/4/28,4183.18
2021/4/27,4186.72
2021/4/26,4187.62
2021/4/23,4180.17
2021/4/22,4134.98
2021/4/21,4173.42
2021/4/20,4134.94
2021/4/19,4163.26
2021/4/16,4185.47
2021/4/15,4170.42
2021/4/14,4124.66
2021/4/13,4141.59
2021/4/12,4127.99
2021/4/9,4128.80
2021/4/8,4097.17
2021/4/7,4079.95
2021/4/6,4073.94
2021/4/5,4077.91
2021/4/1,4019.87
2021/3/31,3972.89
2021/3/30,3958.55
2021/3/29,3971.09
2021/3/26,3974.54
2021/3/25,3909.52
2021/3/24,3889.14
2021/3/23,3910.52
2021/3/22,3940.59
2021/3/19,3913.10
2021/3/18,3915.46
2021/3/17,3974.12
2021/3/16,3962.71
2021/3/15,3968.94
2021/3/12,3943.34
2021/3/11,3939.34
2021/3/10,3898.81
2021/3/9,3875.44
2021/3/8,3821.35
2021/3/5,3841.94
2021/3/4,3768.47
2021/3/3,3819.72
2021/3/2,3870.29
2021/3/1,3901.82
2021/2/26,3811.15
2021/2/25,3829.34
2021/2/24,3925.43
2021/2/23,3881.37
2021/2/22,3876.50
2021/2/19,3906.71
2021/2/18,3913.97
2021/2/17,3931.33
2021/2/16,3932.59
2021/2/12,3934.83
2021/2/11,3916.38
2021/2/10,3909.88
2021/2/9,3911.23
2021/2/8,3915.59
2021/2/5,3886.83
2021/2/4,3871.74
2021/2/3,3830.17
2021/2/2,3826.31
2021/2/1,3773.86
2021/1/29,3714.24
2021/1/28,3787.38
2021/1/27,3750.77
2021/1/26,3849.62
2021/1/25,3855.36
2021/1/22,3841.47
2021/1/21,3853.07
2021/1/20,3851.85
2021/1/19,3798.91
2021/1/15,3768.25
2021/1/14,3795.54
2021/1/13,3809.84
2021/1/12,3801.19
2021/1/11,3799.61
2021/1/8,3824.68
2021/1/7,3803.79
2021/1/6,3748.14
2021/1/5,3726.86
2021/1/4,3700.65
2020/12/31,3756.07
2020/12/30,3732.04
2020/12/29,3727.04
2020/12/28,3735.36
2020/12/24,3703.06
2020/12/23,3690.01
2020/12/22,3687.26
2020/12/21,3694.92
2020/12/18,3709.41
2020/12/17,3722.48
2020/12/16,3701.17
2020/12/15,3694.62
2020/12/14,3647.49
2020/12/11,3663.46
2020/12/10,3668.10
2020/12/9,3672.82
2020/12/8,3702.25
2020/12/7,3691.96
2020/12/4,3699.12
2020/12/3,3666.72
2020/12/2,3669.01
2020/12/1,3662.45
2020/11/30,3621.63
2020/11/27,3638.35
2020/11/25,3629.65
2020/11/24,3635.41
2020/11/23,3577.59
2020/11/20,3557.54
2020/11/19,3581.87
2020/11/18,3567.79
2020/11/17,3609.53
2020/11/16,3626.91
2020/11/13,3585.15
2020/11/12,3537.01
2020/11/11,3572.66
2020/11/10,3545.53
2020/11/9,3550.50
2020/11/6,3509.44
2020/11/5,3510.45
2020/11/4,3443.44
2020/11/3,3369.16
2020/11/2,3310.24
2020/10/30,3269.96
2020/10/29,3310.11
2020/10/28,3271.03
2020/10/27,3390.68
2020/10/26,3400.97
2020/10/23,3465.39
2020/10/22,3453.49
2020/10/21,3435.56
2020/10/20,3443.12
2020/10/19,3426.92
2020/10/16,3483.81
2020/10/15,3483.34
2020/10/14,3488.67
2020/10/13,3511.93
2020/10/12,3534.22
2020/10/9,3477.13
2020/10/8,3446.83
2020/10/7,3419.45
2020/10/6,3360.95
2020/10/5,3408.63
2020/10/2,3348.44
2020/10/1,3380.80
2020/9/30,3363.00
2020/9/29,3335.47
2020/9/28,3351.60
2020/9/25,3298.46
2020/9/24,3246.59
2020/9/23,3236.92
2020/9/22,3315.57
2020/9/21,3281.06
2020/9/18,3319.47
2020/9/17,3357.01
2020/9/16,3385.49
2020/9/15,3401.20
2020/9/14,3383.54
2020/9/11,3340.97
2020/9/10,3339.19
2020/9/9,3398.96
2020/9/8,3331.84
2020/9/4,3426.96
2020/9/3,3455.06
2020/9/2,3580.84
2020/9/1,3526.65
2020/8/31,3500.31
2020/8/28,3508.01
2020/8/27,3484.55
2020/8/26,3478.73
2020/8/25,3443.62
2020/8/24,3431.28
2020/8/21,3397.16
2020/8/20,3385.51
2020/8/19,3374.85
2020/8/18,3389.78
2020/8/17,3381.99
2020/8/14,3372.85
2020/8/13,3373.43
2020/8/12,3380.35
2020/8/11,3333.69
2020/8/10,3360.47
2020/8/7,3351.28
2020/8/6,3349.16
2020/8/5,3327.77
2020/8/4,3306.51
2020/8/3,3294.61
2020/7/31,3271.12
2020/7/30,3246.22
2020/7/29,3258.44
2020/7/28,3218.44
2020/7/27,3239.41
2020/7/24,3215.63
2020/7/23,3235.66
2020/7/22,3276.02
2020/7/21,3257.30
2020/7/20,3251.84
2020/7/17,3224.73
2020/7/16,3215.57
2020/7/15,3226.56
2020/7/14,3197.52
2020/7/13,3155.22
2020/7/10,3185.04
2020/7/9,3152.05
2020/7/8,3169.94
2020/7/7,3145.32
2020/7/6,3179.72
2020/7/2,3130.01
2020/7/1,3115.86
2020/6/30,3100.29
2020/6/29,3053.24
2020/6/26,3009.05
2020/6/25,3083.76
2020/6/24,3050.33
2020/6/23,3131.29
2020/6/22,3117.86
2020/6/19,3097.74
2020/6/18,3115.34
2020/6/17,3113.49
2020/6/16,3124.74
2020/6/15,3066.59
2020/6/12,3041.31
2020/6/11,3002.10
2020/6/10,3190.14
2020/6/9,3207.18
2020/6/8,3232.39
2020/6/5,3193.93
2020/6/4,3112.35
2020/6/3,3122.87
2020/6/2,3080.82
2020/6/1,3055.73
2020/5/29,3044.31
2020/5/28,3029.73
2020/5/27,3036.13
2020/5/26,2991.77
2020/5/22,2955.45
2020/5/21,2948.51
2020/5/20,2971.61
2020/5/19,2922.94
2020/5/18,2953.91
2020/5/15,2863.70
2020/5/14,2852.50
2020/5/13,2820.00
2020/5/12,2870.12
2020/5/11,2930.19
2020/5/8,2929.80
2020/5/7,2881.19
2020/5/6,2848.42
2020/5/5,2868.44
2020/5/4,2842.74
2020/5/1,2830.71
2020/4/30,2912.43
2020/4/29,2939.51
2020/4/28,2863.39
2020/4/27,2878.48
2020/4/24,2836.74
2020/4/23,2797.80
2020/4/22,2799.31
2020/4/21,2736.56
2020/4/20,2823.16
2020/4/17,2874.56
2020/4/16,2799.55
2020/4/15,2783.36
2020/4/14,2846.06
2020/4/13,2761.63
2020/4/9,2789.82
2020/4/8,2749.98
2020/4/7,2659.41
2020/4/6,2663.68
2020/4/3,2488.65
2020/4/2,2526.90
2020/4/1,2470.50
2020/3/31,2584.59
2020/3/30,2626.65
2020/3/27,2541.47
2020/3/26,2630.07
2020/3/25,2475.56
2020/3/24,2447.33
2020/3/23,2237.40
2020/3/20,2304.92
2020/3/19,2409.39
2020/3/18,2398.10
2020/3/17,2529.19
2020/3/16,2386.13
2020/3/13,2711.02
2020/3/12,2480.64
2020/3/11,2741.38
2020/3/10,2882.23
2020/3/9,2746.56
2020/3/6,2972.37
2020/3/5,3023.94
2020/3/4,3130.12
2020/3/3,3003.37
2020/3/2,3090.23
2020/2/28,2954.22
2020/2/27,2978.76
2020/2/26,3116.39
2020/2/25,3128.21
2020/2/24,3225.89
2020/2/21,3337.75
2020/2/20,3373.23
2020/2/19,3386.15
2020/2/18,3370.29
2020/2/14,3380.16
2020/2/13,3373.94
2020/2/12,3379.45
2020/2/11,3357.75
2020/2/10,3352.09
2020/2/7,3327.71
2020/2/6,3345.78
2020/2/5,3334.69
2020/2/4,3297.59
2020/2/3,3248.92
2020/1/31,3225.52
2020/1/30,3283.66
2020/1/29,3273.40
2020/1/28,3276.24
2020/1/27,3243.63
2020/1/24,3295.47
2020/1/23,3325.54
2020/1/22,3321.75
2020/1/21,3320.79
2020/1/17,3329.62
2020/1/16,3316.81
2020/1/15,3289.29
2020/1/14,3283.15
2020/1/13,3288.13
2020/1/10,3265.35
2020/1/9,3274.70
2020/1/8,3253.05
2020/1/7,3237.18
2020/1/6,3246.28
2020/1/3,3234.85
2020/1/2,3257.85
2019/12/31,3230.78
2019/12/30,3221.29
2019/12/27,3240.02
2019/12/26,3239.91
2019/12/24,3223.38
2019/12/23,3224.01
2019/12/20,3221.22
2019/12/19,3205.37
2019/12/18,3191.14
2019/12/17,3192.52
2019/12/16,3191.45
2019/12/13,3168.80
2019/12/12,3168.57
2019/12/11,3141.63
2019/12/10,3132.52
2019/12/9,3135.96
2019/12/6,3145.91
2019/12/5,3117.43
2019/12/4,3112.76
2019/12/3,3093.20
2019/12/2,3113.87
2019/11/29,3140.98
2019/11/27,3153.63
2019/11/26,3140.52
2019/11/25,3133.64
2019/11/22,3110.29
2019/11/21,3103.54
2019/11/20,3108.46
2019/11/19,3120.18
2019/11/18,3122.03
2019/11/15,3120.46
2019/11/14,3096.63
2019/11/13,3094.04
2019/11/12,3091.84
2019/11/11,3087.01
2019/11/8,3093.08
2019/11/7,3085.18
2019/11/6,3076.78
2019/11/5,3074.62
2019/11/4,3078.27
2019/11/1,3066.91
2019/10/31,3037.56
2019/10/30,3046.77
2019/10/29,3036.89
2019/10/28,3039.42
2019/10/25,3022.55
2019/10/24,3010.29
2019/10/23,3004.52
2019/10/22,2995.99
2019/10/21,3006.72
2019/10/18,2986.20
2019/10/17,2997.95
2019/10/16,2989.69
2019/10/15,2995.68
2019/10/14,2966.15
2019/10/11,2970.27
2019/10/10,2938.13
2019/10/9,2919.40
2019/10/8,2893.06
2019/10/7,2938.79
2019/10/4,2952.01
2019/10/3,2910.63
2019/10/2,2887.61
2019/10/1,2940.25
2019/9/30,2976.74
2019/9/27,2961.79
2019/9/26,2977.62
2019/9/25,2984.87
2019/9/24,2966.60
2019/9/23,2991.78
2019/9/20,2992.07
2019/9/19,3006.79
2019/9/18,3006.73
2019/9/17,3005.70
2019/9/16,2997.96
2019/9/13,3007.39
2019/9/12,3009.57
2019/9/11,3000.93
2019/9/10,2979.39
2019/9/9,2978.43
2019/9/6,2978.71
2019/9/5,2976.00
2019/9/4,2937.78
2019/9/3,2906.27
2019/8/30,2926.46
2019/8/29,2924.58
2019/8/28,2887.94
2019/8/27,2869.16
2019/8/26,2878.38
2019/8/23,2847.11
2019/8/22,2922.95
2019/8/21,2924.43
2019/8/20,2900.51
2019/8/19,2923.65
2019/8/16,2888.68
2019/8/15,2847.60
2019/8/14,2840.60
2019/8/13,2926.32
2019/8/12,2882.70
2019/8/9,2918.65
2019/8/8,2938.09
2019/8/7,2883.98
2019/8/6,2881.77
2019/8/5,2844.74
2019/8/2,2932.05
2019/8/1,2953.56
2019/7/31,2980.38
2019/7/30,3013.18
2019/7/29,3020.97
2019/7/26,3025.86
2019/7/25,3003.67
2019/7/24,3019.56
2019/7/23,3005.47
2019/7/22,2985.03
2019/7/19,2976.61
2019/7/18,2995.11
2019/7/17,2984.42
2019/7/16,3004.04
2019/7/15,3014.30
2019/7/12,3013.77
2019/7/11,2999.91
2019/7/10,2993.07
2019/7/9,2979.63
2019/7/8,2975.95
2019/7/5,2990.41
2019/7/3,2995.82
2019/7/2,2973.01
2019/7/1,2964.33
2019/6/28,2941.76
2019/6/27,2924.92
2019/6/26,2913.78
2019/6/25,2917.38
2019/6/24,2945.35
2019/6/21,2950.46
2019/6/20,2954.18
2019/6/19,2926.46
2019/6/18,2917.75
2019/6/17,2889.67
2019/6/14,2886.98
2019/6/13,2891.64
2019/6/12,2879.84
2019/6/11,2885.72
2019/6/10,2886.73
2019/6/7,2873.34
2019/6/6,2843.49
2019/6/5,2826.15
2019/6/4,2803.27
2019/6/3,2744.45
2019/5/31,2752.06
2019/5/30,2788.86
2019/5/29,2783.02
2019/5/28,2802.39
2019/5/24,2826.06
2019/5/23,2822.24
2019/5/22,2856.27
2019/5/21,2864.36
2019/5/20,2840.23
2019/5/17,2859.53
2019/5/16,2876.32
2019/5/15,2850.96
2019/5/14,2834.41
2019/5/13,2811.87
2019/5/10,2881.40
2019/5/9,2870.72
2019/5/8,2879.42
2019/5/7,2884.05
2019/5/6,2932.47
2019/5/3,2945.64
2019/5/2,2917.52
2019/5/1,2923.73
2019/4/30,2945.83
2019/4/29,2943.03
2019/4/26,2939.88
2019/4/25,2926.17
2019/4/24,2927.25
2019/4/23,2933.68
2019/4/22,2907.97
2019/4/18,2905.03
2019/4/17,2900.45
2019/4/16,2907.06
2019/4/15,2905.58
2019/4/12,2907.41
2019/4/11,2888.32
2019/4/10,2888.21
2019/4/9,2878.20
2019/4/8,2895.77
2019/4/5,2892.74
2019/4/4,2879.39
2019/4/3,2873.40
2019/4/2,2867.24
2019/4/1,2867.19
2019/3/29,2834.40
2019/3/28,2815.44
2019/3/27,2805.37
2019/3/26,2818.46
2019/3/25,2798.36
2019/3/22,2800.71
2019/3/21,2854.88
2019/3/20,2824.23
2019/3/19,2832.57
2019/3/18,2832.94
2019/3/15,2822.48
2019/3/14,2808.48
2019/3/13,2810.92
2019/3/12,2791.52
2019/3/11,2783.30
2019/3/8,2743.07
2019/3/7,2748.93
2019/3/6,2771.45
2019/3/5,2789.65
2019/3/4,2792.81
2019/3/1,2803.69
2019/2/28,2784.49
2019/2/27,2792.38
2019/2/26,2793.90
2019/2/25,2796.11
2019/2/22,2792.67
2019/2/21,2774.88
2019/2/20,2784.70
2019/2/19,2779.76
2019/2/15,2775.60
2019/2/14,2745.73
2019/2/13,2753.03
2019/2/12,2744.73
2019/2/11,2709.80
2019/2/8,2707.88
2019/2/7,2706.05
2019/2/6,2731.61
2019/2/5,2737.70
2019/2/4,2724.87
2019/2/1,2706.53
2019/1/31,2704.10
2019/1/30,2681.05
2019/1/29,2640.00
2019/1/28,2643.85
2019/1/25,2664.76
2019/1/24,2642.33
2019/1/23,2638.70
2019/1/22,2632.90
2019/1/18,2670.71
2019/1/17,2635.96
2019/1/16,2616.10
2019/1/15,2610.30
2019/1/14,2582.61
2019/1/11,2596.26
2019/1/10,2596.64
2019/1/9,2584.96
2019/1/8,2574.41
2019/1/7,2549.69
2019/1/4,2531.94
2019/1/3,2447.89
2019/1/2,2510.03
2018/12/31,2506.85
2018/12/28,2485.74
2018/12/27,2488.83
2018/12/26,2467.70
2018/12/24,2351.10
2018/12/21,2416.62
2018/12/20,2467.42
2018/12/19,2506.96
2018/12/18,2546.16
2018/12/17,2545.94
2018/12/14,2599.95
2018/12/13,2650.54
2018/12/12,2651.07
2018/12/11,2636.78
2018/12/10,2637.72
2018/12/7,2633.08
2018/12/6,2695.95
2018/12/4,2700.06
2018/12/3,2790.37
2018/11/30,2760.17
2018/11/29,2737.80
2018/11/28,2743.79
2018/11/27,2682.17
2018/11/26,2673.45
2018/11/23,2632.56
2018/11/21,2649.93
2018/11/20,2641.89
2018/11/19,2690.73
2018/11/16,2736.27
2018/11/15,2730.20
2018/11/14,2701.58
2018/11/13,2722.18
2018/11/12,2726.22
2018/11/9,2781.01
2018/11/8,2806.83
2018/11/7,2813.89
2018/11/6,2755.45
2018/11/5,2738.31
2018/11/2,2723.06
2018/11/1,2740.37
2018/10/31,2711.74
2018/10/30,2682.63
2018/10/29,2641.25
2018/10/26,2658.69
2018/10/25,2705.57
2018/10/24,2656.10
2018/10/23,2740.69
2018/10/22,2755.88
2018/10/19,2767.78
2018/10/18,2768.78
2018/10/17,2809.21
2018/10/16,2809.92
2018/10/15,2750.79
2018/10/12,2767.13
2018/10/11,2728.37
2018/10/10,2785.68
2018/10/9,2880.34
2018/10/8,2884.43
2018/10/5,2885.57
2018/10/4,2901.61
2018/10/3,2925.51
2018/10/2,2923.43
2018/10/1,2924.59
2018/9/28,2913.98
2018/9/27,2914.00
2018/9/26,2905.97
2018/9/25,2915.56
2018/9/24,2919.37
2018/9/21,2929.67
2018/9/20,2930.75
2018/9/19,2907.95
2018/9/18,2904.31
2018/9/17,2888.80
2018/9/14,2904.98
2018/9/13,2904.18
2018/9/12,2888.92
2018/9/11,2887.89
2018/9/10,2877.13
2018/9/7,2871.68
2018/9/6,2878.05
2018/9/5,2888.60
2018/9/4,2896.72
2018/8/31,2901.52
2018/8/30,2901.13
2018/8/29,2914.04
2018/8/28,2897.52
2018/8/27,2896.74
2018/8/24,2874.69
2018/8/23,2856.98
2018/8/22,2861.82
2018/8/21,2862.96
2018/8/20,2857.05
2018/8/17,2850.13
2018/8/16,2840.69
2018/8/15,2818.37
2018/8/14,2839.96
2018/8/13,2821.93
2018/8/10,2833.28
2018/8/9,2853.58
2018/8/8,2857.70
2018/8/7,2858.45
2018/8/6,2850.40
2018/8/3,2840.35
2018/8/2,2827.22
2018/8/1,2813.36
2018/7/31,2816.29
2018/7/30,2802.60
2018/7/27,2818.82
2018/7/26,2837.44
2018/7/25,2846.07
2018/7/24,2820.40
2018/7/23,2806.98
2018/7/20,2801.83
2018/7/19,2804.49
2018/7/18,2815.62
2018/7/17,2809.55
2018/7/16,2798.43
2018/7/13,2801.31
2018/7/12,2798.29
2018/7/11,2774.02
2018/7/10,2793.84
2018/7/9,2784.17
2018/7/6,2759.82
2018/7/5,2736.61
2018/7/3,2713.22
2018/7/2,2726.71
2018/6/29,2718.37
2018/6/28,2716.31
2018/6/27,2699.63
2018/6/26,2723.06
2018/6/25,2717.07
2018/6/22,2754.88
2018/6/21,2749.76
2018/6/20,2767.32
2018/6/19,2762.59
2018/6/18,2773.75
2018/6/15,2779.66
2018/6/14,2782.49
2018/6/13,2775.63
2018/6/12,2786.85
2018/6/11,2782.00
2018/6/8,2779.03
2018/6/7,2770.37
2018/6/6,2772.35
2018/6/5,2748.80
2018/6/4,2746.87
2018/6/1,2734.62
2018/5/31,2705.27
2018/5/30,2724.01
2018/5/29,2689.86
2018/5/25,2721.33
2018/5/24,2727.76
2018/5/23,2733.29
2018/5/22,2724.44
2018/5/21,2733.01
2018/5/18,2712.97
2018/5/17,2720.13
2018/5/16,2722.46
2018/5/15,2711.45
2018/5/14,2730.13
2018/5/11,2727.72
2018/5/10,2723.07
2018/5/9,2697.79
2018/5/8,2671.92
2018/5/7,2672.63
2018/5/4,2663.42
2018/5/3,2629.73
2018/5/2,2635.67
2018/5/1,2654.80
2018/4/30,2648.05
2018/4/27,2669.91
2018/4/26,2666.94
2018/4/25,2639.40
2018/4/24,2634.56
2018/4/23,2670.29
2018/4/20,2670.14
2018/4/19,2693.13
2018/4/18,2708.64
2018/4/17,2706.39
2018/4/16,2677.84
2018/4/13,2656.30
2018/4/12,2663.99
2018/4/11,2642.19
2018/4/10,2656.87
2018/4/9,2613.16
2018/4/6,2604.47
2018/4/5,2662.84
2018/4/4,2644.69
2018/4/3,2614.45
2018/4/2,2581.88
2018/3/29,2640.87
2018/3/28,2605.00
2018/3/27,2612.62
2018/3/26,2658.55
2018/3/23,2588.26
2018/3/22,2643.69
2018/3/21,2711.93
2018/3/20,2716.94
2018/3/19,2712.92
2018/3/16,2752.01
2018/3/15,2747.33
2018/3/14,2749.48
2018/3/13,2765.31
2018/3/12,2783.02
2018/3/9,2786.57
2018/3/8,2738.97
2018/3/7,2726.80
2018/3/6,2728.12
2018/3/5,2720.94
2018/3/2,2691.25
2018/3/1,2677.67
2018/2/28,2713.83
2018/2/27,2744.28
2018/2/26,2779.60
2018/2/23,2747.30
2018/2/22,2703.96
2018/2/21,2701.33
2018/2/20,2716.26
2018/2/16,2732.22
2018/2/15,2731.20
2018/2/14,2698.63
2018/2/13,2662.94
2018/2/12,2656.00
2018/2/9,2619.55
2018/2/8,2581.00
2018/2/7,2681.66
2018/2/6,2695.14
2018/2/5,2648.94
2018/2/2,2762.13
2018/2/1,2821.98
2018/1/31,2823.81
2018/1/30,2822.43
2018/1/29,2853.53
2018/1/26,2872.87
2018/1/25,2839.25
2018/1/24,2837.54
2018/1/23,2839.13
2018/1/22,2832.97
2018/1/19,2810.30
2018/1/18,2798.03
2018/1/17,2802.56
2018/1/16,2776.42
2018/1/12,2786.24
2018/1/11,2767.56
2018/1/10,2748.23
2018/1/9,2751.29
2018/1/8,2747.71
2018/1/5,2743.15
2018/1/4,2723.99
2018/1/3,2713.06
2018/1/2,2695.81
2017/12/29,2673.61
2017/12/28,2687.54
2017/12/27,2682.62
2017/12/26,2680.50
2017/12/22,2683.34
2017/12/21,2684.57
2017/12/20,2679.25
2017/12/19,2681.47
2017/12/18,2690.16
2017/12/15,2675.81
2017/12/14,2652.01
2017/12/13,2662.85
2017/12/12,2664.11
2017/12/11,2659.99
2017/12/8,2651.50
2017/12/7,2636.98
2017/12/6,2629.27
2017/12/5,2629.57
2017/12/4,2639.44
2017/12/1,2642.22
2017/11/30,2647.58
2017/11/29,2626.07
2017/11/28,2627.04
2017/11/27,2601.42
2017/11/24,2602.42
2017/11/22,2597.08
2017/11/21,2599.03
2017/11/20,2582.14
2017/11/17,2578.85
2017/11/16,2585.64
2017/11/15,2564.62
2017/11/14,2578.87
2017/11/13,2584.84
2017/11/10,2582.30
2017/11/9,2584.62
2017/11/8,2594.38
2017/11/7,2590.64
2017/11/6,2591.13
2017/11/3,2587.84
2017/11/2,2579.85
2017/11/1,2579.36
2017/10/31,2575.26
2017/10/30,2572.83
2017/10/27,2581.07
2017/10/26,2560.40
2017/10/25,2557.15
2017/10/24,2569.13
2017/10/23,2564.98
2017/10/20,2575.21
2017/10/19,2562.10
2017/10/18,2561.26
2017/10/17,2559.36
2017/10/16,2557.64
2017/10/13,2553.17
2017/10/12,2550.93
2017/10/11,2555.24
2017/10/10,2550.64
2017/10/9,2544.73
2017/10/6,2549.33
2017/10/5,2552.07
2017/10/4,2537.74
2017/10/3,2534.58
2017/10/2,2529.12
2017/9/29,2519.36
2017/9/28,2510.06
2017/9/27,2507.04
2017/9/26,2496.84
2017/9/25,2496.66
2017/9/22,2502.22
2017/9/21,2500.60
2017/9/20,2508.24
2017/9/19,2506.65
2017/9/18,2503.87
2017/9/15,2500.23
2017/9/14,2495.62
2017/9/13,2498.37
2017/9/12,2496.48
2017/9/11,2488.11
2017/9/8,2461.43
2017/9/7,2465.10
2017/9/6,2465.54
2017/9/5,2457.85
2017/9/1,2476.55
2017/8/31,2471.65
2017/8/30,2457.59
2017/8/29,2446.30
2017/8/28,2444.24
2017/8/25,2443.05
2017/8/24,2438.97
2017/8/23,2444.04
2017/8/22,2452.51
2017/8/21,2428.37
2017/8/18,2425.55
2017/8/17,2430.01
2017/8/16,2468.11
2017/8/15,2464.61
2017/8/14,2465.84
2017/8/11,2441.32
2017/8/10,2438.21
2017/8/9,2474.02
2017/8/8,2474.92
2017/8/7,2480.91
2017/8/4,2476.83
2017/8/3,2472.16
2017/8/2,2477.57
2017/8/1,2476.35
2017/7/31,2470.30
2017/7/28,2472.10
2017/7/27,2475.42
2017/7/26,2477.83
2017/7/25,2477.13
2017/7/24,2469.91
2017/7/21,2472.54
2017/7/20,2473.45
2017/7/19,2473.83
2017/7/18,2460.61
2017/7/17,2459.14
2017/7/14,2459.27
2017/7/13,2447.83
2017/7/12,2443.25
2017/7/11,2425.53
2017/7/10,2427.43
2017/7/7,2425.18
2017/7/6,2409.75
2017/7/5,2432.54
2017/7/3,2429.01
2017/6/30,2423.41
2017/6/29,2419.70
2017/6/28,2440.69
2017/6/27,2419.38
2017/6/26,2439.07
2017/6/23,2438.30
2017/6/22,2434.50
2017/6/21,2435.61
2017/6/20,2437.03
2017/6/19,2453.46
2017/6/16,2433.15
2017/6/15,2432.46
2017/6/14,2437.92
2017/6/13,2440.35
2017/6/12,2429.39
2017/6/9,2431.77
2017/6/8,2433.79
2017/6/7,2433.14
2017/6/6,2429.33
2017/6/5,2436.10
2017/6/2,2439.07
2017/6/1,2430.06
2017/5/31,2411.80
2017/5/30,2412.91
2017/5/26,2415.82
2017/5/25,2415.07
2017/5/24,2404.39
2017/5/23,2398.42
2017/5/22,2394.02
2017/5/19,2381.73
2017/5/18,2365.72
2017/5/17,2357.03
2017/5/16,2400.67
2017/5/15,2402.32
2017/5/12,2390.90
2017/5/11,2394.44
2017/5/10,2399.63
2017/5/9,2396.92
2017/5/8,2399.38
2017/5/5,2399.29
2017/5/4,2389.52
2017/5/3,2388.13
2017/5/2,2391.17
2017/5/1,2388.33
2017/4/28,2384.20
2017/4/27,2388.77
2017/4/26,2387.45
2017/4/25,2388.61
2017/4/24,2374.15
2017/4/21,2348.69
2017/4/20,2355.84
2017/4/19,2338.17
2017/4/18,2342.19
2017/4/17,2349.01
2017/4/13,2328.95
2017/4/12,2344.93
2017/4/11,2353.78
2017/4/10,2357.16
2017/4/7,2355.54
2017/4/6,2357.49
2017/4/5,2352.95
2017/4/4,2360.16
2017/4/3,2358.84
2017/3/31,2362.72
2017/3/30,2368.06
2017/3/29,2361.13
2017/3/28,2358.57
2017/3/27,2341.59
2017/3/24,2343.98
2017/3/23,2345.96
2017/3/22,2348.45
2017/3/21,2344.02
2017/3/20,2373.47
2017/3/17,2378.25
2017/3/16,2381.38
2017/3/15,2385.26
2017/3/14,2365.45
2017/3/13,2373.47
2017/3/10,2372.60
2017/3/9,2364.87
2017/3/8,2362.98
2017/3/7,2368.39
2017/3/6,2375.31
2017/3/3,2383.12
2017/3/2,2381.92
2017/3/1,2395.96
2017/2/28,2363.64
2017/2/27,2369.75
2017/2/24,2367.34
2017/2/23,2363.81
2017/2/22,2362.82
2017/2/21,2365.38
2017/2/17,2351.16
2017/2/16,2347.22
2017/2/15,2349.25
2017/2/14,2337.58
2017/2/13,2328.25
2017/2/10,2316.10
2017/2/9,2307.87
2017/2/8,2294.67
2017/2/7,2293.08
2017/2/6,2292.56
2017/2/3,2297.42
2017/2/2,2280.85
2017/2/1,2279.55
2017/1/31,2278.87
2017/1/30,2280.90
2017/1/27,2294.69
2017/1/26,2296.68
2017/1/25,2298.37
2017/1/24,2280.07
2017/1/23,2265.20
2017/1/20,2271.31
2017/1/19,2263.69
2017/1/18,2271.89
2017/1/17,2267.89
2017/1/13,2274.64
2017/1/12,2270.44
2017/1/11,2275.32
2017/1/10,2268.90
2017/1/9,2268.90
2017/1/6,2276.98
2017/1/5,2269.00
2017/1/4,2270.75
2017/1/3,2257.83
2016/12/30,2238.83
2016/12/29,2249.26
2016/12/28,2249.92
2016/12/27,2268.88
2016/12/23,2263.79
2016/12/22,2260.96
2016/12/21,2265.18
2016/12/20,2270.76
2016/12/19,2262.53
2016/12/16,2258.07
2016/12/15,2262.03
2016/12/14,2253.28
2016/12/13,2271.72
2016/12/12,2256.96
2016/12/9,2259.53
2016/12/8,2246.19
2016/12/7,2241.35
2016/12/6,2212.23
2016/12/5,2204.71
2016/12/2,2191.95
2016/12/1,2191.08
2016/11/30,2198.81
2016/11/29,2204.66
2016/11/28,2201.72
2016/11/25,2213.35
2016/11/23,2204.72
2016/11/22,2202.94
2016/11/21,2198.18
2016/11/18,2181.90
2016/11/17,2187.12
2016/11/16,2176.94
2016/11/15,2180.39
2016/11/14,2164.20
2016/11/11,2164.45
2016/11/10,2167.48
2016/11/9,2163.26
2016/11/8,2139.56
2016/11/7,2131.52
2016/11/4,2085.18
2016/11/3,2088.66
2016/11/2,2097.94
2016/11/1,2111.72
2016/10/31,2126.15
2016/10/28,2126.41
2016/10/27,2133.04
2016/10/26,2139.43
2016/10/25,2143.16
2016/10/24,2151.33
2016/10/21,2141.16
2016/10/20,2141.34
2016/10/19,2144.29
2016/10/18,2139.60
2016/10/17,2126.50
2016/10/14,2132.98
2016/10/13,2132.55
2016/10/12,2139.18
2016/10/11,2136.73
2016/10/10,2163.66
2016/10/7,2153.74
2016/10/6,2160.77
2016/10/5,2159.73
2016/10/4,2150.49
2016/10/3,2161.20
2016/9/30,2168.27
2016/9/29,2151.13
2016/9/28,2171.37
2016/9/27,2159.93
2016/9/26,2146.10
2016/9/23,2164.69
2016/9/22,2177.18
2016/9/21,2163.12
2016/9/20,2139.76
2016/9/19,2139.12
2016/9/16,2139.16
2016/9/15,2147.26
2016/9/14,2125.77
2016/9/13,2127.02
2016/9/12,2159.04
2016/9/9,2127.81
2016/9/8,2181.30
2016/9/7,2186.16
2016/9/6,2186.48
2016/9/2,2179.98
2016/9/1,2170.86
2016/8/31,2170.95
2016/8/30,2176.12
2016/8/29,2180.38
2016/8/26,2169.04
2016/8/25,2172.47
2016/8/24,2175.44
2016/8/23,2186.90
2016/8/22,2182.64
2016/8/19,2183.87
2016/8/18,2187.02
2016/8/17,2182.22
2016/8/16,2178.15
2016/8/15,2190.15
2016/8/12,2184.05
2016/8/11,2185.79
2016/8/10,2175.49
2016/8/9,2181.74
2016/8/8,2180.89
2016/8/5,2182.87
2016/8/4,2164.25
2016/8/3,2163.79
2016/8/2,2157.03
2016/8/1,2170.84
2016/7/29,2173.60
2016/7/28,2170.06
2016/7/27,2166.58
2016/7/26,2169.18
2016/7/25,2168.48
2016/7/22,2175.03
2016/7/21,2165.17
2016/7/20,2173.02
2016/7/19,2163.78
2016/7/18,2166.89
2016/7/15,2161.74
2016/7/14,2163.75
2016/7/13,2152.43
2016/7/12,2152.14
2016/7/11,2137.16
2016/7/8,2129.90
2016/7/7,2097.90
2016/7/6,2099.73
2016/7/5,2088.55
2016/7/1,2102.95
2016/6/30,2098.86
2016/6/29,2070.77
2016/6/28,2036.09
2016/6/27,2000.54
2016/6/24,2037.41
2016/6/23,2113.32
2016/6/22,2085.45
2016/6/21,2088.90
2016/6/20,2083.25
2016/6/17,2071.22
2016/6/16,2077.99
2016/6/15,2071.50
2016/6/14,2075.32
2016/6/13,2079.06
2016/6/10,2096.07
2016/6/9,2115.48
2016/6/8,2119.12
2016/6/7,2112.13
2016/6/6,2109.41
2016/6/3,2099.13
2016/6/2,2105.26
2016/6/1,2099.33
2016/5/31,2096.95
2016/5/27,2099.06
2016/5/26,2090.10
2016/5/25,2090.54
2016/5/24,2076.06
2016/5/23,2048.04
2016/5/20,2052.32
2016/5/19,2040.04
2016/5/18,2047.63
2016/5/17,2047.21
2016/5/16,2066.66
2016/5/13,2046.61
2016/5/12,2064.11
2016/5/11,2064.46
2016/5/10,2084.39
2016/5/9,2058.69
2016/5/6,2057.14
2016/5/5,2050.63
2016/5/4,2051.12
2016/5/3,2063.37
2016/5/2,2081.43
2016/4/29,2065.30
2016/4/28,2075.81
2016/4/27,2095.15
2016/4/26,2091.70
2016/4/25,2087.79
2016/4/22,2091.58
2016/4/21,2091.48
2016/4/20,2102.40
2016/4/19,2100.80
2016/4/18,2094.34
2016/4/15,2080.73
2016/4/14,2082.78
2016/4/13,2082.42
2016/4/12,2061.72
2016/4/11,2041.99
2016/4/8,2047.60
2016/4/7,2041.91
2016/4/6,2066.66
2016/4/5,2045.17
2016/4/4,2066.13
2016/4/1,2072.78
2016/3/31,2059.74
2016/3/30,2063.95
2016/3/29,2055.01
2016/3/28,2037.05
2016/3/24,2035.94
2016/3/23,2036.71
2016/3/22,2049.80
2016/3/21,2051.60
2016/3/18,2049.58
2016/3/17,2040.59
2016/3/16,2027.22
2016/3/15,2015.93
2016/3/14,2019.64
2016/3/11,2022.19
2016/3/10,1989.57
2016/3/9,1989.26
2016/3/8,1979.26
2016/3/7,2001.76
2016/3/4,1999.99
2016/3/3,1993.40
2016/3/2,1986.45
2016/3/1,1978.35
2016/2/29,1932.23
2016/2/26,1948.05
2016/2/25,1951.70
2016/2/24,1929.80
2016/2/23,1921.27
2016/2/22,1945.50
2016/2/19,1917.78
2016/2/18,1917.83
2016/2/17,1926.82
2016/2/16,1895.58
2016/2/12,1864.78
2016/2/11,1829.08
2016/2/10,1851.86
2016/2/9,1852.21
2016/2/8,1853.44
2016/2/5,1880.05
2016/2/4,1915.45
2016/2/3,1912.53
2016/2/2,1903.03
2016/2/1,1939.38
2016/1/29,1940.24
2016/1/28,1893.36
2016/1/27,1882.95
2016/1/26,1903.63
2016/1/25,1877.08
2016/1/22,1906.90
2016/1/21,1868.99
2016/1/20,1859.33
2016/1/19,1881.33
2016/1/15,1880.33
2016/1/14,1921.84
2016/1/13,1890.28
2016/1/12,1938.68
2016/1/11,1923.67
2016/1/8,1922.03
2016/1/7,1943.09
2016/1/6,1990.26
2016/1/5,2016.71
2016/1/4,2012.66
2015/12/31,2043.94
2015/12/30,2063.36
2015/12/29,2078.36
2015/12/28,2056.50
2015/12/24,2060.99
2015/12/23,2064.29
2015/12/22,2038.97
2015/12/21,2021.15
2015/12/18,2005.55
2015/12/17,2041.89
2015/12/16,2073.07
2015/12/15,2043.41
2015/12/14,2021.94
2015/12/11,2012.37
2015/12/10,2052.23
2015/12/9,2047.62
2015/12/8,2063.59
2015/12/7,2077.07
2015/12/4,2091.69
2015/12/3,2049.62
2015/12/2,2079.51
2015/12/1,2102.63
2015/11/30,2080.41
2015/11/27,2090.11
2015/11/25,2088.87
2015/11/24,2089.14
2015/11/23,2086.59
2015/11/20,2089.17
2015/11/19,2081.24
2015/11/18,2083.58
2015/11/17,2050.44
2015/11/16,2053.19
2015/11/13,2023.04
2015/11/12,2045.97
2015/11/11,2075.00
2015/11/10,2081.72
2015/11/9,2078.58
2015/11/6,2099.20
2015/11/5,2099.93
2015/11/4,2102.31
2015/11/3,2109.79
2015/11/2,2104.05
2015/10/30,2079.36
2015/10/29,2089.41
2015/10/28,2090.35
2015/10/27,2065.89
2015/10/26,2071.18
2015/10/23,2075.15
2015/10/22,2052.51
2015/10/21,2018.94
2015/10/20,2030.77
2015/10/19,2033.66
2015/10/16,2033.11
2015/10/15,2023.86
2015/10/14,1994.24
2015/10/13,2003.69
2015/10/12,2017.46
2015/10/9,2014.89
2015/10/8,2013.43
2015/10/7,1995.83
2015/10/6,1979.92
2015/10/5,1987.05
2015/10/2,1951.36
2015/10/1,1923.82
2015/9/30,1920.03
2015/9/29,1884.09
2015/9/28,1881.77
2015/9/25,1931.34
2015/9/24,1932.24
2015/9/23,1938.76
2015/9/22,1942.74
2015/9/21,1966.97
2015/9/18,1958.03
2015/9/17,1990.20
2015/9/16,1995.31
2015/9/15,1978.09
2015/9/14,1953.03
2015/9/11,1961.05
2015/9/10,1952.29
2015/9/9,1942.04
2015/9/8,1969.41
2015/9/4,1921.22
2015/9/3,1951.13
2015/9/2,1948.86
2015/9/1,1913.85
2015/8/31,1972.18
2015/8/28,1988.87
2015/8/27,1987.66
2015/8/26,1940.51
2015/8/25,1867.61
2015/8/24,1893.21
2015/8/21,1970.89
2015/8/20,2035.73
2015/8/19,2079.61
2015/8/18,2096.92
2015/8/17,2102.44
2015/8/14,2091.54
2015/8/13,2083.39
2015/8/12,2086.05
2015/8/11,2084.07
2015/8/10,2104.18
2015/8/7,2077.57
2015/8/6,2083.56
2015/8/5,2099.84
2015/8/4,2093.32
2015/8/3,2098.04
